Height,Angle,Radius,Thickness
180.000000,0.000000,14.141706,0.193000
180.000000,5.000000,14.141706,0.194000
180.000000,10.000000,14.141706,0.195000
180.000000,15.000000,14.141706,0.196000
180.000000,20.000000,14.141706,0.197000
180.000000,25.000000,14.141706,0.198000
180.000000,30.000000,14.141706,0.199000
180.000000,35.000000,14.141706,0.200000
180.000000,40.000000,14.141706,0.201000
180.000000,45.000000,14.141706,0.202000
180.000000,50.000000,14.141706,0.203222
180.000000,55.000000,14.141706,0.204444
180.000000,60.000000,14.141706,0.205667
180.000000,65.000000,14.141706,0.206889
180.000000,70.000000,14.141706,0.208111
180.000000,75.000000,14.141706,0.209333
180.000000,80.000000,14.141706,0.210556
180.000000,85.000000,14.141706,0.211778
180.000000,90.000000,14.141706,0.213000
180.000000,95.000000,14.141706,0.213000
180.000000,100.000000,14.141706,0.213000
180.000000,105.000000,14.141706,0.213000
180.000000,110.000000,14.141706,0.213000
180.000000,115.000000,14.141706,0.213000
180.000000,120.000000,14.141706,0.213000
180.000000,125.000000,14.141706,0.213000
180.000000,130.000000,14.141706,0.213000
180.000000,135.000000,14.141706,0.213000
180.000000,140.000000,14.141706,0.211667
180.000000,145.000000,14.141706,0.210333
180.000000,150.000000,14.141706,0.209000
180.000000,155.000000,14.141706,0.207667
180.000000,160.000000,14.141706,0.206333
180.000000,165.000000,14.141706,0.205000
180.000000,170.000000,14.141706,0.203667
180.000000,175.000000,14.141706,0.202333
180.000000,180.000000,14.141706,0.201000
180.000000,185.000000,14.141706,0.202222
180.000000,190.000000,14.141706,0.203444
180.000000,195.000000,14.141706,0.204667
180.000000,200.000000,14.141706,0.205889
180.000000,205.000000,14.141706,0.207111
180.000000,210.000000,14.141706,0.208333
180.000000,215.000000,14.141706,0.209556
180.000000,220.000000,14.141706,0.210778
180.000000,225.000000,14.141706,0.212000
180.000000,230.000000,14.141706,0.212444
180.000000,235.000000,14.141706,0.212889
180.000000,240.000000,14.141706,0.213333
180.000000,245.000000,14.141706,0.213778
180.000000,250.000000,14.141706,0.214222
180.000000,255.000000,14.141706,0.214667
180.000000,260.000000,14.141706,0.215111
180.000000,265.000000,14.141706,0.215556
180.000000,270.000000,14.141706,0.216000
180.000000,275.000000,14.141706,0.215556
180.000000,280.000000,14.141706,0.215111
180.000000,285.000000,14.141706,0.214667
180.000000,290.000000,14.141706,0.214222
180.000000,295.000000,14.141706,0.213778
180.000000,300.000000,14.141706,0.213333
180.000000,305.000000,14.141706,0.212889
180.000000,310.000000,14.141706,0.212444
180.000000,315.000000,14.141706,0.212000
180.000000,320.000000,14.141706,0.209889
180.000000,325.000000,14.141706,0.207778
180.000000,330.000000,14.141706,0.205667
180.000000,335.000000,14.141706,0.203556
180.000000,340.000000,14.141706,0.201444
180.000000,345.000000,14.141706,0.199333
180.000000,350.000000,14.141706,0.197222
180.000000,355.000000,14.141706,0.195111
175.000000,0.000000,17.613639,0.152000
175.000000,5.000000,17.613639,0.153667
175.000000,10.000000,17.613639,0.155333
175.000000,15.000000,17.613639,0.157000
175.000000,20.000000,17.613639,0.158667
175.000000,25.000000,17.613639,0.160333
175.000000,30.000000,17.613639,0.162000
175.000000,35.000000,17.613639,0.163667
175.000000,40.000000,17.613639,0.165333
175.000000,45.000000,17.613639,0.167000
175.000000,50.000000,17.613639,0.167111
175.000000,55.000000,17.613639,0.167222
175.000000,60.000000,17.613639,0.167333
175.000000,65.000000,17.613639,0.167444
175.000000,70.000000,17.613639,0.167556
175.000000,75.000000,17.613639,0.167667
175.000000,80.000000,17.613639,0.167778
175.000000,85.000000,17.613639,0.167889
175.000000,90.000000,17.613639,0.168000
175.000000,95.000000,17.613639,0.168333
175.000000,100.000000,17.613639,0.168667
175.000000,105.000000,17.613639,0.169000
175.000000,110.000000,17.613639,0.169333
175.000000,115.000000,17.613639,0.169667
175.000000,120.000000,17.613639,0.170000
175.000000,125.000000,17.613639,0.170333
175.000000,130.000000,17.613639,0.170667
175.000000,135.000000,17.613639,0.171000
175.000000,140.000000,17.613639,0.170222
175.000000,145.000000,17.613639,0.169444
175.000000,150.000000,17.613639,0.168667
175.000000,155.000000,17.613639,0.167889
175.000000,160.000000,17.613639,0.167111
175.000000,165.000000,17.613639,0.166333
175.000000,170.000000,17.613639,0.165556
175.000000,175.000000,17.613639,0.164778
175.000000,180.000000,17.613639,0.164000
175.000000,185.000000,17.613639,0.166444
175.000000,190.000000,17.613639,0.168889
175.000000,195.000000,17.613639,0.171333
175.000000,200.000000,17.613639,0.173778
175.000000,205.000000,17.613639,0.176222
175.000000,210.000000,17.613639,0.178667
175.000000,215.000000,17.613639,0.181111
175.000000,220.000000,17.613639,0.183556
175.000000,225.000000,17.613639,0.186000
175.000000,230.000000,17.613639,0.184444
175.000000,235.000000,17.613639,0.182889
175.000000,240.000000,17.613639,0.181333
175.000000,245.000000,17.613639,0.179778
175.000000,250.000000,17.613639,0.178222
175.000000,255.000000,17.613639,0.176667
175.000000,260.000000,17.613639,0.175111
175.000000,265.000000,17.613639,0.173556
175.000000,270.000000,17.613639,0.172000
175.000000,275.000000,17.613639,0.171111
175.000000,280.000000,17.613639,0.170222
175.000000,285.000000,17.613639,0.169333
175.000000,290.000000,17.613639,0.168444
175.000000,295.000000,17.613639,0.167556
175.000000,300.000000,17.613639,0.166667
175.000000,305.000000,17.613639,0.165778
175.000000,310.000000,17.613639,0.164889
175.000000,315.000000,17.613639,0.164000
175.000000,320.000000,17.613639,0.162667
175.000000,325.000000,17.613639,0.161333
175.000000,330.000000,17.613639,0.160000
175.000000,335.000000,17.613639,0.158667
175.000000,340.000000,17.613639,0.157333
175.000000,345.000000,17.613639,0.156000
175.000000,350.000000,17.613639,0.154667
175.000000,355.000000,17.613639,0.153333
170.000000,0.000000,20.753488,0.138000
170.000000,5.000000,20.753488,0.138667
170.000000,10.000000,20.753488,0.139333
170.000000,15.000000,20.753488,0.140000
170.000000,20.000000,20.753488,0.140667
170.000000,25.000000,20.753488,0.141333
170.000000,30.000000,20.753488,0.142000
170.000000,35.000000,20.753488,0.142667
170.000000,40.000000,20.753488,0.143333
170.000000,45.000000,20.753488,0.144000
170.000000,50.000000,20.753488,0.143889
170.000000,55.000000,20.753488,0.143778
170.000000,60.000000,20.753488,0.143667
170.000000,65.000000,20.753488,0.143556
170.000000,70.000000,20.753488,0.143444
170.000000,75.000000,20.753488,0.143333
170.000000,80.000000,20.753488,0.143222
170.000000,85.000000,20.753488,0.143111
170.000000,90.000000,20.753488,0.143000
170.000000,95.000000,20.753488,0.142889
170.000000,100.000000,20.753488,0.142778
170.000000,105.000000,20.753488,0.142667
170.000000,110.000000,20.753488,0.142556
170.000000,115.000000,20.753488,0.142444
170.000000,120.000000,20.753488,0.142333
170.000000,125.000000,20.753488,0.142222
170.000000,130.000000,20.753488,0.142111
170.000000,135.000000,20.753488,0.142000
170.000000,140.000000,20.753488,0.142444
170.000000,145.000000,20.753488,0.142889
170.000000,150.000000,20.753488,0.143333
170.000000,155.000000,20.753488,0.143778
170.000000,160.000000,20.753488,0.144222
170.000000,165.000000,20.753488,0.144667
170.000000,170.000000,20.753488,0.145111
170.000000,175.000000,20.753488,0.145556
170.000000,180.000000,20.753488,0.146000
170.000000,185.000000,20.753488,0.149111
170.000000,190.000000,20.753488,0.152222
170.000000,195.000000,20.753488,0.155333
170.000000,200.000000,20.753488,0.158444
170.000000,205.000000,20.753488,0.161556
170.000000,210.000000,20.753488,0.164667
170.000000,215.000000,20.753488,0.167778
170.000000,220.000000,20.753488,0.170889
170.000000,225.000000,20.753488,0.174000
170.000000,230.000000,20.753488,0.171667
170.000000,235.000000,20.753488,0.169333
170.000000,240.000000,20.753488,0.167000
170.000000,245.000000,20.753488,0.164667
170.000000,250.000000,20.753488,0.162333
170.000000,255.000000,20.753488,0.160000
170.000000,260.000000,20.753488,0.157667
170.000000,265.000000,20.753488,0.155333
170.000000,270.000000,20.753488,0.153000
170.000000,275.000000,20.753488,0.151889
170.000000,280.000000,20.753488,0.150778
170.000000,285.000000,20.753488,0.149667
170.000000,290.000000,20.753488,0.148556
170.000000,295.000000,20.753488,0.147444
170.000000,300.000000,20.753488,0.146333
170.000000,305.000000,20.753488,0.145222
170.000000,310.000000,20.753488,0.144111
170.000000,315.000000,20.753488,0.143000
170.000000,320.000000,20.753488,0.142444
170.000000,325.000000,20.753488,0.141889
170.000000,330.000000,20.753488,0.141333
170.000000,335.000000,20.753488,0.140778
170.000000,340.000000,20.753488,0.140222
170.000000,345.000000,20.753488,0.139667
170.000000,350.000000,20.753488,0.139111
170.000000,355.000000,20.753488,0.138556
165.000000,0.000000,23.588071,0.132000
165.000000,5.000000,23.588071,0.132000
165.000000,10.000000,23.588071,0.132000
165.000000,15.000000,23.588071,0.132000
165.000000,20.000000,23.588071,0.132000
165.000000,25.000000,23.588071,0.132000
165.000000,30.000000,23.588071,0.132000
165.000000,35.000000,23.588071,0.132000
165.000000,40.000000,23.588071,0.132000
165.000000,45.000000,23.588071,0.132000
165.000000,50.000000,23.588071,0.131778
165.000000,55.000000,23.588071,0.131556
165.000000,60.000000,23.588071,0.131333
165.000000,65.000000,23.588071,0.131111
165.000000,70.000000,23.588071,0.130889
165.000000,75.000000,23.588071,0.130667
165.000000,80.000000,23.588071,0.130444
165.000000,85.000000,23.588071,0.130222
165.000000,90.000000,23.588071,0.130000
165.000000,95.000000,23.588071,0.130000
165.000000,100.000000,23.588071,0.130000
165.000000,105.000000,23.588071,0.130000
165.000000,110.000000,23.588071,0.130000
165.000000,115.000000,23.588071,0.130000
165.000000,120.000000,23.588071,0.130000
165.000000,125.000000,23.588071,0.130000
165.000000,130.000000,23.588071,0.130000
165.000000,135.000000,23.588071,0.130000
165.000000,140.000000,23.588071,0.130444
165.000000,145.000000,23.588071,0.130889
165.000000,150.000000,23.588071,0.131333
165.000000,155.000000,23.588071,0.131778
165.000000,160.000000,23.588071,0.132222
165.000000,165.000000,23.588071,0.132667
165.000000,170.000000,23.588071,0.133111
165.000000,175.000000,23.588071,0.133556
165.000000,180.000000,23.588071,0.134000
165.000000,185.000000,23.588071,0.136333
165.000000,190.000000,23.588071,0.138667
165.000000,195.000000,23.588071,0.141000
165.000000,200.000000,23.588071,0.143333
165.000000,205.000000,23.588071,0.145667
165.000000,210.000000,23.588071,0.148000
165.000000,215.000000,23.588071,0.150333
165.000000,220.000000,23.588071,0.152667
165.000000,225.000000,23.588071,0.155000
165.000000,230.000000,23.588071,0.153889
165.000000,235.000000,23.588071,0.152778
165.000000,240.000000,23.588071,0.151667
165.000000,245.000000,23.588071,0.150556
165.000000,250.000000,23.588071,0.149444
165.000000,255.000000,23.588071,0.148333
165.000000,260.000000,23.588071,0.147222
165.000000,265.000000,23.588071,0.146111
165.000000,270.000000,23.588071,0.145000
165.000000,275.000000,23.588071,0.143556
165.000000,280.000000,23.588071,0.142111
165.000000,285.000000,23.588071,0.140667
165.000000,290.000000,23.588071,0.139222
165.000000,295.000000,23.588071,0.137778
165.000000,300.000000,23.588071,0.136333
165.000000,305.000000,23.588071,0.134889
165.000000,310.000000,23.588071,0.133444
165.000000,315.000000,23.588071,0.132000
165.000000,320.000000,23.588071,0.132000
165.000000,325.000000,23.588071,0.132000
165.000000,330.000000,23.588071,0.132000
165.000000,335.000000,23.588071,0.132000
165.000000,340.000000,23.588071,0.132000
165.000000,345.000000,23.588071,0.132000
165.000000,350.000000,23.588071,0.132000
165.000000,355.000000,23.588071,0.132000
160.000000,0.000000,26.144189,0.121000
160.000000,5.000000,26.144189,0.121333
160.000000,10.000000,26.144189,0.121667
160.000000,15.000000,26.144189,0.122000
160.000000,20.000000,26.144189,0.122333
160.000000,25.000000,26.144189,0.122667
160.000000,30.000000,26.144189,0.123000
160.000000,35.000000,26.144189,0.123333
160.000000,40.000000,26.144189,0.123667
160.000000,45.000000,26.144189,0.124000
160.000000,50.000000,26.144189,0.123556
160.000000,55.000000,26.144189,0.123111
160.000000,60.000000,26.144189,0.122667
160.000000,65.000000,26.144189,0.122222
160.000000,70.000000,26.144189,0.121778
160.000000,75.000000,26.144189,0.121333
160.000000,80.000000,26.144189,0.120889
160.000000,85.000000,26.144189,0.120444
160.000000,90.000000,26.144189,0.120000
160.000000,95.000000,26.144189,0.120000
160.000000,100.000000,26.144189,0.120000
160.000000,105.000000,26.144189,0.120000
160.000000,110.000000,26.144189,0.120000
160.000000,115.000000,26.144189,0.120000
160.000000,120.000000,26.144189,0.120000
160.000000,125.000000,26.144189,0.120000
160.000000,130.000000,26.144189,0.120000
160.000000,135.000000,26.144189,0.120000
160.000000,140.000000,26.144189,0.120778
160.000000,145.000000,26.144189,0.121556
160.000000,150.000000,26.144189,0.122333
160.000000,155.000000,26.144189,0.123111
160.000000,160.000000,26.144189,0.123889
160.000000,165.000000,26.144189,0.124667
160.000000,170.000000,26.144189,0.125444
160.000000,175.000000,26.144189,0.126222
160.000000,180.000000,26.144189,0.127000
160.000000,185.000000,26.144189,0.129444
160.000000,190.000000,26.144189,0.131889
160.000000,195.000000,26.144189,0.134333
160.000000,200.000000,26.144189,0.136778
160.000000,205.000000,26.144189,0.139222
160.000000,210.000000,26.144189,0.141667
160.000000,215.000000,26.144189,0.144111
160.000000,220.000000,26.144189,0.146556
160.000000,225.000000,26.144189,0.149000
160.000000,230.000000,26.144189,0.147778
160.000000,235.000000,26.144189,0.146556
160.000000,240.000000,26.144189,0.145333
160.000000,245.000000,26.144189,0.144111
160.000000,250.000000,26.144189,0.142889
160.000000,255.000000,26.144189,0.141667
160.000000,260.000000,26.144189,0.140444
160.000000,265.000000,26.144189,0.139222
160.000000,270.000000,26.144189,0.138000
160.000000,275.000000,26.144189,0.136556
160.000000,280.000000,26.144189,0.135111
160.000000,285.000000,26.144189,0.133667
160.000000,290.000000,26.144189,0.132222
160.000000,295.000000,26.144189,0.130778
160.000000,300.000000,26.144189,0.129333
160.000000,305.000000,26.144189,0.127889
160.000000,310.000000,26.144189,0.126444
160.000000,315.000000,26.144189,0.125000
160.000000,320.000000,26.144189,0.124556
160.000000,325.000000,26.144189,0.124111
160.000000,330.000000,26.144189,0.123667
160.000000,335.000000,26.144189,0.123222
160.000000,340.000000,26.144189,0.122778
160.000000,345.000000,26.144189,0.122333
160.000000,350.000000,26.144189,0.121889
160.000000,355.000000,26.144189,0.121444
155.000000,0.000000,28.435569,0.114000
155.000000,5.000000,28.435569,0.114778
155.000000,10.000000,28.435569,0.115556
155.000000,15.000000,28.435569,0.116333
155.000000,20.000000,28.435569,0.117111
155.000000,25.000000,28.435569,0.117889
155.000000,30.000000,28.435569,0.118667
155.000000,35.000000,28.435569,0.119444
155.000000,40.000000,28.435569,0.120222
155.000000,45.000000,28.435569,0.121000
155.000000,50.000000,28.435569,0.120333
155.000000,55.000000,28.435569,0.119667
155.000000,60.000000,28.435569,0.119000
155.000000,65.000000,28.435569,0.118333
155.000000,70.000000,28.435569,0.117667
155.000000,75.000000,28.435569,0.117000
155.000000,80.000000,28.435569,0.116333
155.000000,85.000000,28.435569,0.115667
155.000000,90.000000,28.435569,0.115000
155.000000,95.000000,28.435569,0.114889
155.000000,100.000000,28.435569,0.114778
155.000000,105.000000,28.435569,0.114667
155.000000,110.000000,28.435569,0.114556
155.000000,115.000000,28.435569,0.114444
155.000000,120.000000,28.435569,0.114333
155.000000,125.000000,28.435569,0.114222
155.000000,130.000000,28.435569,0.114111
155.000000,135.000000,28.435569,0.114000
155.000000,140.000000,28.435569,0.114556
155.000000,145.000000,28.435569,0.115111
155.000000,150.000000,28.435569,0.115667
155.000000,155.000000,28.435569,0.116222
155.000000,160.000000,28.435569,0.116778
155.000000,165.000000,28.435569,0.117333
155.000000,170.000000,28.435569,0.117889
155.000000,175.000000,28.435569,0.118444
155.000000,180.000000,28.435569,0.119000
155.000000,185.000000,28.435569,0.121111
155.000000,190.000000,28.435569,0.123222
155.000000,195.000000,28.435569,0.125333
155.000000,200.000000,28.435569,0.127444
155.000000,205.000000,28.435569,0.129556
155.000000,210.000000,28.435569,0.131667
155.000000,215.000000,28.435569,0.133778
155.000000,220.000000,28.435569,0.135889
155.000000,225.000000,28.435569,0.138000
155.000000,230.000000,28.435569,0.137667
155.000000,235.000000,28.435569,0.137333
155.000000,240.000000,28.435569,0.137000
155.000000,245.000000,28.435569,0.136667
155.000000,250.000000,28.435569,0.136333
155.000000,255.000000,28.435569,0.136000
155.000000,260.000000,28.435569,0.135667
155.000000,265.000000,28.435569,0.135333
155.000000,270.000000,28.435569,0.135000
155.000000,275.000000,28.435569,0.133222
155.000000,280.000000,28.435569,0.131444
155.000000,285.000000,28.435569,0.129667
155.000000,290.000000,28.435569,0.127889
155.000000,295.000000,28.435569,0.126111
155.000000,300.000000,28.435569,0.124333
155.000000,305.000000,28.435569,0.122556
155.000000,310.000000,28.435569,0.120778
155.000000,315.000000,28.435569,0.119000
155.000000,320.000000,28.435569,0.118444
155.000000,325.000000,28.435569,0.117889
155.000000,330.000000,28.435569,0.117333
155.000000,335.000000,28.435569,0.116778
155.000000,340.000000,28.435569,0.116222
155.000000,345.000000,28.435569,0.115667
155.000000,350.000000,28.435569,0.115111
155.000000,355.000000,28.435569,0.114556
150.000000,0.000000,30.476782,0.106000
150.000000,5.000000,30.476782,0.106222
150.000000,10.000000,30.476782,0.106444
150.000000,15.000000,30.476782,0.106667
150.000000,20.000000,30.476782,0.106889
150.000000,25.000000,30.476782,0.107111
150.000000,30.000000,30.476782,0.107333
150.000000,35.000000,30.476782,0.107556
150.000000,40.000000,30.476782,0.107778
150.000000,45.000000,30.476782,0.108000
150.000000,50.000000,30.476782,0.108111
150.000000,55.000000,30.476782,0.108222
150.000000,60.000000,30.476782,0.108333
150.000000,65.000000,30.476782,0.108444
150.000000,70.000000,30.476782,0.108556
150.000000,75.000000,30.476782,0.108667
150.000000,80.000000,30.476782,0.108778
150.000000,85.000000,30.476782,0.108889
150.000000,90.000000,30.476782,0.109000
150.000000,95.000000,30.476782,0.108778
150.000000,100.000000,30.476782,0.108556
150.000000,105.000000,30.476782,0.108333
150.000000,110.000000,30.476782,0.108111
150.000000,115.000000,30.476782,0.107889
150.000000,120.000000,30.476782,0.107667
150.000000,125.000000,30.476782,0.107444
150.000000,130.000000,30.476782,0.107222
150.000000,135.000000,30.476782,0.107000
150.000000,140.000000,30.476782,0.107333
150.000000,145.000000,30.476782,0.107667
150.000000,150.000000,30.476782,0.108000
150.000000,155.000000,30.476782,0.108333
150.000000,160.000000,30.476782,0.108667
150.000000,165.000000,30.476782,0.109000
150.000000,170.000000,30.476782,0.109333
150.000000,175.000000,30.476782,0.109667
150.000000,180.000000,30.476782,0.110000
150.000000,185.000000,30.476782,0.111667
150.000000,190.000000,30.476782,0.113333
150.000000,195.000000,30.476782,0.115000
150.000000,200.000000,30.476782,0.116667
150.000000,205.000000,30.476782,0.118333
150.000000,210.000000,30.476782,0.120000
150.000000,215.000000,30.476782,0.121667
150.000000,220.000000,30.476782,0.123333
150.000000,225.000000,30.476782,0.125000
150.000000,230.000000,30.476782,0.125222
150.000000,235.000000,30.476782,0.125444
150.000000,240.000000,30.476782,0.125667
150.000000,245.000000,30.476782,0.125889
150.000000,250.000000,30.476782,0.126111
150.000000,255.000000,30.476782,0.126333
150.000000,260.000000,30.476782,0.126556
150.000000,265.000000,30.476782,0.126778
150.000000,270.000000,30.476782,0.127000
150.000000,275.000000,30.476782,0.125444
150.000000,280.000000,30.476782,0.123889
150.000000,285.000000,30.476782,0.122333
150.000000,290.000000,30.476782,0.120778
150.000000,295.000000,30.476782,0.119222
150.000000,300.000000,30.476782,0.117667
150.000000,305.000000,30.476782,0.116111
150.000000,310.000000,30.476782,0.114556
150.000000,315.000000,30.476782,0.113000
150.000000,320.000000,30.476782,0.112222
150.000000,325.000000,30.476782,0.111444
150.000000,330.000000,30.476782,0.110667
150.000000,335.000000,30.476782,0.109889
150.000000,340.000000,30.476782,0.109111
150.000000,345.000000,30.476782,0.108333
150.000000,350.000000,30.476782,0.107556
150.000000,355.000000,30.476782,0.106778
145.000000,0.000000,32.261258,0.109000
145.000000,5.000000,32.261258,0.109333
145.000000,10.000000,32.261258,0.109667
145.000000,15.000000,32.261258,0.110000
145.000000,20.000000,32.261258,0.110333
145.000000,25.000000,32.261258,0.110667
145.000000,30.000000,32.261258,0.111000
145.000000,35.000000,32.261258,0.111333
145.000000,40.000000,32.261258,0.111667
145.000000,45.000000,32.261258,0.112000
145.000000,50.000000,32.261258,0.111778
145.000000,55.000000,32.261258,0.111556
145.000000,60.000000,32.261258,0.111333
145.000000,65.000000,32.261258,0.111111
145.000000,70.000000,32.261258,0.110889
145.000000,75.000000,32.261258,0.110667
145.000000,80.000000,32.261258,0.110444
145.000000,85.000000,32.261258,0.110222
145.000000,90.000000,32.261258,0.110000
145.000000,95.000000,32.261258,0.110111
145.000000,100.000000,32.261258,0.110222
145.000000,105.000000,32.261258,0.110333
145.000000,110.000000,32.261258,0.110444
145.000000,115.000000,32.261258,0.110556
145.000000,120.000000,32.261258,0.110667
145.000000,125.000000,32.261258,0.110778
145.000000,130.000000,32.261258,0.110889
145.000000,135.000000,32.261258,0.111000
145.000000,140.000000,32.261258,0.111778
145.000000,145.000000,32.261258,0.112556
145.000000,150.000000,32.261258,0.113333
145.000000,155.000000,32.261258,0.114111
145.000000,160.000000,32.261258,0.114889
145.000000,165.000000,32.261258,0.115667
145.000000,170.000000,32.261258,0.116444
145.000000,175.000000,32.261258,0.117222
145.000000,180.000000,32.261258,0.118000
145.000000,185.000000,32.261258,0.119333
145.000000,190.000000,32.261258,0.120667
145.000000,195.000000,32.261258,0.122000
145.000000,200.000000,32.261258,0.123333
145.000000,205.000000,32.261258,0.124667
145.000000,210.000000,32.261258,0.126000
145.000000,215.000000,32.261258,0.127333
145.000000,220.000000,32.261258,0.128667
145.000000,225.000000,32.261258,0.130000
145.000000,230.000000,32.261258,0.130111
145.000000,235.000000,32.261258,0.130222
145.000000,240.000000,32.261258,0.130333
145.000000,245.000000,32.261258,0.130444
145.000000,250.000000,32.261258,0.130556
145.000000,255.000000,32.261258,0.130667
145.000000,260.000000,32.261258,0.130778
145.000000,265.000000,32.261258,0.130889
145.000000,270.000000,32.261258,0.131000
145.000000,275.000000,32.261258,0.129222
145.000000,280.000000,32.261258,0.127444
145.000000,285.000000,32.261258,0.125667
145.000000,290.000000,32.261258,0.123889
145.000000,295.000000,32.261258,0.122111
145.000000,300.000000,32.261258,0.120333
145.000000,305.000000,32.261258,0.118556
145.000000,310.000000,32.261258,0.116778
145.000000,315.000000,32.261258,0.115000
145.000000,320.000000,32.261258,0.114333
145.000000,325.000000,32.261258,0.113667
145.000000,330.000000,32.261258,0.113000
145.000000,335.000000,32.261258,0.112333
145.000000,340.000000,32.261258,0.111667
145.000000,345.000000,32.261258,0.111000
145.000000,350.000000,32.261258,0.110333
145.000000,355.000000,32.261258,0.109667
140.000000,0.000000,32.997711,0.103000
140.000000,5.000000,32.997711,0.103444
140.000000,10.000000,32.997711,0.103889
140.000000,15.000000,32.997711,0.104333
140.000000,20.000000,32.997711,0.104778
140.000000,25.000000,32.997711,0.105222
140.000000,30.000000,32.997711,0.105667
140.000000,35.000000,32.997711,0.106111
140.000000,40.000000,32.997711,0.106556
140.000000,45.000000,32.997711,0.107000
140.000000,50.000000,32.997711,0.106667
140.000000,55.000000,32.997711,0.106333
140.000000,60.000000,32.997711,0.106000
140.000000,65.000000,32.997711,0.105667
140.000000,70.000000,32.997711,0.105333
140.000000,75.000000,32.997711,0.105000
140.000000,80.000000,32.997711,0.104667
140.000000,85.000000,32.997711,0.104333
140.000000,90.000000,32.997711,0.104000
140.000000,95.000000,32.997711,0.104111
140.000000,100.000000,32.997711,0.104222
140.000000,105.000000,32.997711,0.104333
140.000000,110.000000,32.997711,0.104444
140.000000,115.000000,32.997711,0.104556
140.000000,120.000000,32.997711,0.104667
140.000000,125.000000,32.997711,0.104778
140.000000,130.000000,32.997711,0.104889
140.000000,135.000000,32.997711,0.105000
140.000000,140.000000,32.997711,0.105778
140.000000,145.000000,32.997711,0.106556
140.000000,150.000000,32.997711,0.107333
140.000000,155.000000,32.997711,0.108111
140.000000,160.000000,32.997711,0.108889
140.000000,165.000000,32.997711,0.109667
140.000000,170.000000,32.997711,0.110444
140.000000,175.000000,32.997711,0.111222
140.000000,180.000000,32.997711,0.112000
140.000000,185.000000,32.997711,0.113556
140.000000,190.000000,32.997711,0.115111
140.000000,195.000000,32.997711,0.116667
140.000000,200.000000,32.997711,0.118222
140.000000,205.000000,32.997711,0.119778
140.000000,210.000000,32.997711,0.121333
140.000000,215.000000,32.997711,0.122889
140.000000,220.000000,32.997711,0.124444
140.000000,225.000000,32.997711,0.126000
140.000000,230.000000,32.997711,0.126000
140.000000,235.000000,32.997711,0.126000
140.000000,240.000000,32.997711,0.126000
140.000000,245.000000,32.997711,0.126000
140.000000,250.000000,32.997711,0.126000
140.000000,255.000000,32.997711,0.126000
140.000000,260.000000,32.997711,0.126000
140.000000,265.000000,32.997711,0.126000
140.000000,270.000000,32.997711,0.126000
140.000000,275.000000,32.997711,0.124111
140.000000,280.000000,32.997711,0.122222
140.000000,285.000000,32.997711,0.120333
140.000000,290.000000,32.997711,0.118444
140.000000,295.000000,32.997711,0.116556
140.000000,300.000000,32.997711,0.114667
140.000000,305.000000,32.997711,0.112778
140.000000,310.000000,32.997711,0.110889
140.000000,315.000000,32.997711,0.109000
140.000000,320.000000,32.997711,0.108333
140.000000,325.000000,32.997711,0.107667
140.000000,330.000000,32.997711,0.107000
140.000000,335.000000,32.997711,0.106333
140.000000,340.000000,32.997711,0.105667
140.000000,345.000000,32.997711,0.105000
140.000000,350.000000,32.997711,0.104333
140.000000,355.000000,32.997711,0.103667
135.000000,0.000000,33.000054,0.102000
135.000000,5.000000,33.000054,0.102222
135.000000,10.000000,33.000054,0.102444
135.000000,15.000000,33.000054,0.102667
135.000000,20.000000,33.000054,0.102889
135.000000,25.000000,33.000054,0.103111
135.000000,30.000000,33.000054,0.103333
135.000000,35.000000,33.000054,0.103556
135.000000,40.000000,33.000054,0.103778
135.000000,45.000000,33.000054,0.104000
135.000000,50.000000,33.000054,0.103778
135.000000,55.000000,33.000054,0.103556
135.000000,60.000000,33.000054,0.103333
135.000000,65.000000,33.000054,0.103111
135.000000,70.000000,33.000054,0.102889
135.000000,75.000000,33.000054,0.102667
135.000000,80.000000,33.000054,0.102444
135.000000,85.000000,33.000054,0.102222
135.000000,90.000000,33.000054,0.102000
135.000000,95.000000,33.000054,0.102111
135.000000,100.000000,33.000054,0.102222
135.000000,105.000000,33.000054,0.102333
135.000000,110.000000,33.000054,0.102444
135.000000,115.000000,33.000054,0.102556
135.000000,120.000000,33.000054,0.102667
135.000000,125.000000,33.000054,0.102778
135.000000,130.000000,33.000054,0.102889
135.000000,135.000000,33.000054,0.103000
135.000000,140.000000,33.000054,0.104111
135.000000,145.000000,33.000054,0.105222
135.000000,150.000000,33.000054,0.106333
135.000000,155.000000,33.000054,0.107444
135.000000,160.000000,33.000054,0.108556
135.000000,165.000000,33.000054,0.109667
135.000000,170.000000,33.000054,0.110778
135.000000,175.000000,33.000054,0.111889
135.000000,180.000000,33.000054,0.113000
135.000000,185.000000,33.000054,0.114000
135.000000,190.000000,33.000054,0.115000
135.000000,195.000000,33.000054,0.116000
135.000000,200.000000,33.000054,0.117000
135.000000,205.000000,33.000054,0.118000
135.000000,210.000000,33.000054,0.119000
135.000000,215.000000,33.000054,0.120000
135.000000,220.000000,33.000054,0.121000
135.000000,225.000000,33.000054,0.122000
135.000000,230.000000,33.000054,0.122667
135.000000,235.000000,33.000054,0.123333
135.000000,240.000000,33.000054,0.124000
135.000000,245.000000,33.000054,0.124667
135.000000,250.000000,33.000054,0.125333
135.000000,255.000000,33.000054,0.126000
135.000000,260.000000,33.000054,0.126667
135.000000,265.000000,33.000054,0.127333
135.000000,270.000000,33.000054,0.128000
135.000000,275.000000,33.000054,0.126000
135.000000,280.000000,33.000054,0.124000
135.000000,285.000000,33.000054,0.122000
135.000000,290.000000,33.000054,0.120000
135.000000,295.000000,33.000054,0.118000
135.000000,300.000000,33.000054,0.116000
135.000000,305.000000,33.000054,0.114000
135.000000,310.000000,33.000054,0.112000
135.000000,315.000000,33.000054,0.110000
135.000000,320.000000,33.000054,0.109111
135.000000,325.000000,33.000054,0.108222
135.000000,330.000000,33.000054,0.107333
135.000000,335.000000,33.000054,0.106444
135.000000,340.000000,33.000054,0.105556
135.000000,345.000000,33.000054,0.104667
135.000000,350.000000,33.000054,0.103778
135.000000,355.000000,33.000054,0.102889
130.000000,0.000000,32.481105,0.096000
130.000000,5.000000,32.481105,0.096111
130.000000,10.000000,32.481105,0.096222
130.000000,15.000000,32.481105,0.096333
130.000000,20.000000,32.481105,0.096444
130.000000,25.000000,32.481105,0.096556
130.000000,30.000000,32.481105,0.096667
130.000000,35.000000,32.481105,0.096778
130.000000,40.000000,32.481105,0.096889
130.000000,45.000000,32.481105,0.097000
130.000000,50.000000,32.481105,0.096333
130.000000,55.000000,32.481105,0.095667
130.000000,60.000000,32.481105,0.095000
130.000000,65.000000,32.481105,0.094333
130.000000,70.000000,32.481105,0.093667
130.000000,75.000000,32.481105,0.093000
130.000000,80.000000,32.481105,0.092333
130.000000,85.000000,32.481105,0.091667
130.000000,90.000000,32.481105,0.091000
130.000000,95.000000,32.481105,0.091333
130.000000,100.000000,32.481105,0.091667
130.000000,105.000000,32.481105,0.092000
130.000000,110.000000,32.481105,0.092333
130.000000,115.000000,32.481105,0.092667
130.000000,120.000000,32.481105,0.093000
130.000000,125.000000,32.481105,0.093333
130.000000,130.000000,32.481105,0.093667
130.000000,135.000000,32.481105,0.094000
130.000000,140.000000,32.481105,0.094889
130.000000,145.000000,32.481105,0.095778
130.000000,150.000000,32.481105,0.096667
130.000000,155.000000,32.481105,0.097556
130.000000,160.000000,32.481105,0.098444
130.000000,165.000000,32.481105,0.099333
130.000000,170.000000,32.481105,0.100222
130.000000,175.000000,32.481105,0.101111
130.000000,180.000000,32.481105,0.102000
130.000000,185.000000,32.481105,0.103556
130.000000,190.000000,32.481105,0.105111
130.000000,195.000000,32.481105,0.106667
130.000000,200.000000,32.481105,0.108222
130.000000,205.000000,32.481105,0.109778
130.000000,210.000000,32.481105,0.111333
130.000000,215.000000,32.481105,0.112889
130.000000,220.000000,32.481105,0.114444
130.000000,225.000000,32.481105,0.116000
130.000000,230.000000,32.481105,0.117000
130.000000,235.000000,32.481105,0.118000
130.000000,240.000000,32.481105,0.119000
130.000000,245.000000,32.481105,0.120000
130.000000,250.000000,32.481105,0.121000
130.000000,255.000000,32.481105,0.122000
130.000000,260.000000,32.481105,0.123000
130.000000,265.000000,32.481105,0.124000
130.000000,270.000000,32.481105,0.125000
130.000000,275.000000,32.481105,0.122667
130.000000,280.000000,32.481105,0.120333
130.000000,285.000000,32.481105,0.118000
130.000000,290.000000,32.481105,0.115667
130.000000,295.000000,32.481105,0.113333
130.000000,300.000000,32.481105,0.111000
130.000000,305.000000,32.481105,0.108667
130.000000,310.000000,32.481105,0.106333
130.000000,315.000000,32.481105,0.104000
130.000000,320.000000,32.481105,0.103111
130.000000,325.000000,32.481105,0.102222
130.000000,330.000000,32.481105,0.101333
130.000000,335.000000,32.481105,0.100444
130.000000,340.000000,32.481105,0.099556
130.000000,345.000000,32.481105,0.098667
130.000000,350.000000,32.481105,0.097778
130.000000,355.000000,32.481105,0.096889
125.000000,0.000000,32.437041,0.088000
125.000000,5.000000,32.437041,0.088222
125.000000,10.000000,32.437041,0.088444
125.000000,15.000000,32.437041,0.088667
125.000000,20.000000,32.437041,0.088889
125.000000,25.000000,32.437041,0.089111
125.000000,30.000000,32.437041,0.089333
125.000000,35.000000,32.437041,0.089556
125.000000,40.000000,32.437041,0.089778
125.000000,45.000000,32.437041,0.090000
125.000000,50.000000,32.437041,0.089889
125.000000,55.000000,32.437041,0.089778
125.000000,60.000000,32.437041,0.089667
125.000000,65.000000,32.437041,0.089556
125.000000,70.000000,32.437041,0.089444
125.000000,75.000000,32.437041,0.089333
125.000000,80.000000,32.437041,0.089222
125.000000,85.000000,32.437041,0.089111
125.000000,90.000000,32.437041,0.089000
125.000000,95.000000,32.437041,0.089111
125.000000,100.000000,32.437041,0.089222
125.000000,105.000000,32.437041,0.089333
125.000000,110.000000,32.437041,0.089444
125.000000,115.000000,32.437041,0.089556
125.000000,120.000000,32.437041,0.089667
125.000000,125.000000,32.437041,0.089778
125.000000,130.000000,32.437041,0.089889
125.000000,135.000000,32.437041,0.090000
125.000000,140.000000,32.437041,0.090889
125.000000,145.000000,32.437041,0.091778
125.000000,150.000000,32.437041,0.092667
125.000000,155.000000,32.437041,0.093556
125.000000,160.000000,32.437041,0.094444
125.000000,165.000000,32.437041,0.095333
125.000000,170.000000,32.437041,0.096222
125.000000,175.000000,32.437041,0.097111
125.000000,180.000000,32.437041,0.098000
125.000000,185.000000,32.437041,0.098889
125.000000,190.000000,32.437041,0.099778
125.000000,195.000000,32.437041,0.100667
125.000000,200.000000,32.437041,0.101556
125.000000,205.000000,32.437041,0.102444
125.000000,210.000000,32.437041,0.103333
125.000000,215.000000,32.437041,0.104222
125.000000,220.000000,32.437041,0.105111
125.000000,225.000000,32.437041,0.106000
125.000000,230.000000,32.437041,0.106889
125.000000,235.000000,32.437041,0.107778
125.000000,240.000000,32.437041,0.108667
125.000000,245.000000,32.437041,0.109556
125.000000,250.000000,32.437041,0.110444
125.000000,255.000000,32.437041,0.111333
125.000000,260.000000,32.437041,0.112222
125.000000,265.000000,32.437041,0.113111
125.000000,270.000000,32.437041,0.114000
125.000000,275.000000,32.437041,0.112000
125.000000,280.000000,32.437041,0.110000
125.000000,285.000000,32.437041,0.108000
125.000000,290.000000,32.437041,0.106000
125.000000,295.000000,32.437041,0.104000
125.000000,300.000000,32.437041,0.102000
125.000000,305.000000,32.437041,0.100000
125.000000,310.000000,32.437041,0.098000
125.000000,315.000000,32.437041,0.096000
125.000000,320.000000,32.437041,0.095111
125.000000,325.000000,32.437041,0.094222
125.000000,330.000000,32.437041,0.093333
125.000000,335.000000,32.437041,0.092444
125.000000,340.000000,32.437041,0.091556
125.000000,345.000000,32.437041,0.090667
125.000000,350.000000,32.437041,0.089778
125.000000,355.000000,32.437041,0.088889
120.000000,0.000000,31.147971,0.089000
120.000000,5.000000,31.147971,0.089111
120.000000,10.000000,31.147971,0.089222
120.000000,15.000000,31.147971,0.089333
120.000000,20.000000,31.147971,0.089444
120.000000,25.000000,31.147971,0.089556
120.000000,30.000000,31.147971,0.089667
120.000000,35.000000,31.147971,0.089778
120.000000,40.000000,31.147971,0.089889
120.000000,45.000000,31.147971,0.090000
120.000000,50.000000,31.147971,0.089556
120.000000,55.000000,31.147971,0.089111
120.000000,60.000000,31.147971,0.088667
120.000000,65.000000,31.147971,0.088222
120.000000,70.000000,31.147971,0.087778
120.000000,75.000000,31.147971,0.087333
120.000000,80.000000,31.147971,0.086889
120.000000,85.000000,31.147971,0.086444
120.000000,90.000000,31.147971,0.086000
120.000000,95.000000,31.147971,0.086111
120.000000,100.000000,31.147971,0.086222
120.000000,105.000000,31.147971,0.086333
120.000000,110.000000,31.147971,0.086444
120.000000,115.000000,31.147971,0.086556
120.000000,120.000000,31.147971,0.086667
120.000000,125.000000,31.147971,0.086778
120.000000,130.000000,31.147971,0.086889
120.000000,135.000000,31.147971,0.087000
120.000000,140.000000,31.147971,0.088000
120.000000,145.000000,31.147971,0.089000
120.000000,150.000000,31.147971,0.090000
120.000000,155.000000,31.147971,0.091000
120.000000,160.000000,31.147971,0.092000
120.000000,165.000000,31.147971,0.093000
120.000000,170.000000,31.147971,0.094000
120.000000,175.000000,31.147971,0.095000
120.000000,180.000000,31.147971,0.096000
120.000000,185.000000,31.147971,0.097556
120.000000,190.000000,31.147971,0.099111
120.000000,195.000000,31.147971,0.100667
120.000000,200.000000,31.147971,0.102222
120.000000,205.000000,31.147971,0.103778
120.000000,210.000000,31.147971,0.105333
120.000000,215.000000,31.147971,0.106889
120.000000,220.000000,31.147971,0.108444
120.000000,225.000000,31.147971,0.110000
120.000000,230.000000,31.147971,0.110889
120.000000,235.000000,31.147971,0.111778
120.000000,240.000000,31.147971,0.112667
120.000000,245.000000,31.147971,0.113556
120.000000,250.000000,31.147971,0.114444
120.000000,255.000000,31.147971,0.115333
120.000000,260.000000,31.147971,0.116222
120.000000,265.000000,31.147971,0.117111
120.000000,270.000000,31.147971,0.118000
120.000000,275.000000,31.147971,0.115778
120.000000,280.000000,31.147971,0.113556
120.000000,285.000000,31.147971,0.111333
120.000000,290.000000,31.147971,0.109111
120.000000,295.000000,31.147971,0.106889
120.000000,300.000000,31.147971,0.104667
120.000000,305.000000,31.147971,0.102444
120.000000,310.000000,31.147971,0.100222
120.000000,315.000000,31.147971,0.098000
120.000000,320.000000,31.147971,0.097000
120.000000,325.000000,31.147971,0.096000
120.000000,330.000000,31.147971,0.095000
120.000000,335.000000,31.147971,0.094000
120.000000,340.000000,31.147971,0.093000
120.000000,345.000000,31.147971,0.092000
120.000000,350.000000,31.147971,0.091000
120.000000,355.000000,31.147971,0.090000
115.000000,0.000000,32.423328,0.090000
115.000000,5.000000,32.423328,0.089778
115.000000,10.000000,32.423328,0.089556
115.000000,15.000000,32.423328,0.089333
115.000000,20.000000,32.423328,0.089111
115.000000,25.000000,32.423328,0.088889
115.000000,30.000000,32.423328,0.088667
115.000000,35.000000,32.423328,0.088444
115.000000,40.000000,32.423328,0.088222
115.000000,45.000000,32.423328,0.088000
115.000000,50.000000,32.423328,0.087778
115.000000,55.000000,32.423328,0.087556
115.000000,60.000000,32.423328,0.087333
115.000000,65.000000,32.423328,0.087111
115.000000,70.000000,32.423328,0.086889
115.000000,75.000000,32.423328,0.086667
115.000000,80.000000,32.423328,0.086444
115.000000,85.000000,32.423328,0.086222
115.000000,90.000000,32.423328,0.086000
115.000000,95.000000,32.423328,0.086222
115.000000,100.000000,32.423328,0.086444
115.000000,105.000000,32.423328,0.086667
115.000000,110.000000,32.423328,0.086889
115.000000,115.000000,32.423328,0.087111
115.000000,120.000000,32.423328,0.087333
115.000000,125.000000,32.423328,0.087556
115.000000,130.000000,32.423328,0.087778
115.000000,135.000000,32.423328,0.088000
115.000000,140.000000,32.423328,0.089222
115.000000,145.000000,32.423328,0.090444
115.000000,150.000000,32.423328,0.091667
115.000000,155.000000,32.423328,0.092889
115.000000,160.000000,32.423328,0.094111
115.000000,165.000000,32.423328,0.095333
115.000000,170.000000,32.423328,0.096556
115.000000,175.000000,32.423328,0.097778
115.000000,180.000000,32.423328,0.099000
115.000000,185.000000,32.423328,0.099222
115.000000,190.000000,32.423328,0.099444
115.000000,195.000000,32.423328,0.099667
115.000000,200.000000,32.423328,0.099889
115.000000,205.000000,32.423328,0.100111
115.000000,210.000000,32.423328,0.100333
115.000000,215.000000,32.423328,0.100556
115.000000,220.000000,32.423328,0.100778
115.000000,225.000000,32.423328,0.101000
115.000000,230.000000,32.423328,0.102000
115.000000,235.000000,32.423328,0.103000
115.000000,240.000000,32.423328,0.104000
115.000000,245.000000,32.423328,0.105000
115.000000,250.000000,32.423328,0.106000
115.000000,255.000000,32.423328,0.107000
115.000000,260.000000,32.423328,0.108000
115.000000,265.000000,32.423328,0.109000
115.000000,270.000000,32.423328,0.110000
115.000000,275.000000,32.423328,0.108222
115.000000,280.000000,32.423328,0.106444
115.000000,285.000000,32.423328,0.104667
115.000000,290.000000,32.423328,0.102889
115.000000,295.000000,32.423328,0.101111
115.000000,300.000000,32.423328,0.099333
115.000000,305.000000,32.423328,0.097556
115.000000,310.000000,32.423328,0.095778
115.000000,315.000000,32.423328,0.094000
115.000000,320.000000,32.423328,0.093556
115.000000,325.000000,32.423328,0.093111
115.000000,330.000000,32.423328,0.092667
115.000000,335.000000,32.423328,0.092222
115.000000,340.000000,32.423328,0.091778
115.000000,345.000000,32.423328,0.091333
115.000000,350.000000,32.423328,0.090889
115.000000,355.000000,32.423328,0.090444
110.000000,0.000000,32.163789,0.076000
110.000000,5.000000,32.163789,0.075556
110.000000,10.000000,32.163789,0.075111
110.000000,15.000000,32.163789,0.074667
110.000000,20.000000,32.163789,0.074222
110.000000,25.000000,32.163789,0.073778
110.000000,30.000000,32.163789,0.073333
110.000000,35.000000,32.163789,0.072889
110.000000,40.000000,32.163789,0.072444
110.000000,45.000000,32.163789,0.072000
110.000000,50.000000,32.163789,0.072000
110.000000,55.000000,32.163789,0.072000
110.000000,60.000000,32.163789,0.072000
110.000000,65.000000,32.163789,0.072000
110.000000,70.000000,32.163789,0.072000
110.000000,75.000000,32.163789,0.072000
110.000000,80.000000,32.163789,0.072000
110.000000,85.000000,32.163789,0.072000
110.000000,90.000000,32.163789,0.072000
110.000000,95.000000,32.163789,0.072333
110.000000,100.000000,32.163789,0.072667
110.000000,105.000000,32.163789,0.073000
110.000000,110.000000,32.163789,0.073333
110.000000,115.000000,32.163789,0.073667
110.000000,120.000000,32.163789,0.074000
110.000000,125.000000,32.163789,0.074333
110.000000,130.000000,32.163789,0.074667
110.000000,135.000000,32.163789,0.075000
110.000000,140.000000,32.163789,0.075667
110.000000,145.000000,32.163789,0.076333
110.000000,150.000000,32.163789,0.077000
110.000000,155.000000,32.163789,0.077667
110.000000,160.000000,32.163789,0.078333
110.000000,165.000000,32.163789,0.079000
110.000000,170.000000,32.163789,0.079667
110.000000,175.000000,32.163789,0.080333
110.000000,180.000000,32.163789,0.081000
110.000000,185.000000,32.163789,0.081889
110.000000,190.000000,32.163789,0.082778
110.000000,195.000000,32.163789,0.083667
110.000000,200.000000,32.163789,0.084556
110.000000,205.000000,32.163789,0.085444
110.000000,210.000000,32.163789,0.086333
110.000000,215.000000,32.163789,0.087222
110.000000,220.000000,32.163789,0.088111
110.000000,225.000000,32.163789,0.089000
110.000000,230.000000,32.163789,0.089889
110.000000,235.000000,32.163789,0.090778
110.000000,240.000000,32.163789,0.091667
110.000000,245.000000,32.163789,0.092556
110.000000,250.000000,32.163789,0.093444
110.000000,255.000000,32.163789,0.094333
110.000000,260.000000,32.163789,0.095222
110.000000,265.000000,32.163789,0.096111
110.000000,270.000000,32.163789,0.097000
110.000000,275.000000,32.163789,0.095111
110.000000,280.000000,32.163789,0.093222
110.000000,285.000000,32.163789,0.091333
110.000000,290.000000,32.163789,0.089444
110.000000,295.000000,32.163789,0.087556
110.000000,300.000000,32.163789,0.085667
110.000000,305.000000,32.163789,0.083778
110.000000,310.000000,32.163789,0.081889
110.000000,315.000000,32.163789,0.080000
110.000000,320.000000,32.163789,0.079556
110.000000,325.000000,32.163789,0.079111
110.000000,330.000000,32.163789,0.078667
110.000000,335.000000,32.163789,0.078222
110.000000,340.000000,32.163789,0.077778
110.000000,345.000000,32.163789,0.077333
110.000000,350.000000,32.163789,0.076889
110.000000,355.000000,32.163789,0.076444
105.000000,0.000000,32.191003,0.079000
105.000000,5.000000,32.191003,0.078667
105.000000,10.000000,32.191003,0.078333
105.000000,15.000000,32.191003,0.078000
105.000000,20.000000,32.191003,0.077667
105.000000,25.000000,32.191003,0.077333
105.000000,30.000000,32.191003,0.077000
105.000000,35.000000,32.191003,0.076667
105.000000,40.000000,32.191003,0.076333
105.000000,45.000000,32.191003,0.076000
105.000000,50.000000,32.191003,0.075667
105.000000,55.000000,32.191003,0.075333
105.000000,60.000000,32.191003,0.075000
105.000000,65.000000,32.191003,0.074667
105.000000,70.000000,32.191003,0.074333
105.000000,75.000000,32.191003,0.074000
105.000000,80.000000,32.191003,0.073667
105.000000,85.000000,32.191003,0.073333
105.000000,90.000000,32.191003,0.073000
105.000000,95.000000,32.191003,0.073222
105.000000,100.000000,32.191003,0.073444
105.000000,105.000000,32.191003,0.073667
105.000000,110.000000,32.191003,0.073889
105.000000,115.000000,32.191003,0.074111
105.000000,120.000000,32.191003,0.074333
105.000000,125.000000,32.191003,0.074556
105.000000,130.000000,32.191003,0.074778
105.000000,135.000000,32.191003,0.075000
105.000000,140.000000,32.191003,0.076111
105.000000,145.000000,32.191003,0.077222
105.000000,150.000000,32.191003,0.078333
105.000000,155.000000,32.191003,0.079444
105.000000,160.000000,32.191003,0.080556
105.000000,165.000000,32.191003,0.081667
105.000000,170.000000,32.191003,0.082778
105.000000,175.000000,32.191003,0.083889
105.000000,180.000000,32.191003,0.085000
105.000000,185.000000,32.191003,0.086111
105.000000,190.000000,32.191003,0.087222
105.000000,195.000000,32.191003,0.088333
105.000000,200.000000,32.191003,0.089444
105.000000,205.000000,32.191003,0.090556
105.000000,210.000000,32.191003,0.091667
105.000000,215.000000,32.191003,0.092778
105.000000,220.000000,32.191003,0.093889
105.000000,225.000000,32.191003,0.095000
105.000000,230.000000,32.191003,0.095333
105.000000,235.000000,32.191003,0.095667
105.000000,240.000000,32.191003,0.096000
105.000000,245.000000,32.191003,0.096333
105.000000,250.000000,32.191003,0.096667
105.000000,255.000000,32.191003,0.097000
105.000000,260.000000,32.191003,0.097333
105.000000,265.000000,32.191003,0.097667
105.000000,270.000000,32.191003,0.098000
105.000000,275.000000,32.191003,0.096556
105.000000,280.000000,32.191003,0.095111
105.000000,285.000000,32.191003,0.093667
105.000000,290.000000,32.191003,0.092222
105.000000,295.000000,32.191003,0.090778
105.000000,300.000000,32.191003,0.089333
105.000000,305.000000,32.191003,0.087889
105.000000,310.000000,32.191003,0.086444
105.000000,315.000000,32.191003,0.085000
105.000000,320.000000,32.191003,0.084333
105.000000,325.000000,32.191003,0.083667
105.000000,330.000000,32.191003,0.083000
105.000000,335.000000,32.191003,0.082333
105.000000,340.000000,32.191003,0.081667
105.000000,345.000000,32.191003,0.081000
105.000000,350.000000,32.191003,0.080333
105.000000,355.000000,32.191003,0.079667
100.000000,0.000000,32.408720,0.084000
100.000000,5.000000,32.408720,0.083778
100.000000,10.000000,32.408720,0.083556
100.000000,15.000000,32.408720,0.083333
100.000000,20.000000,32.408720,0.083111
100.000000,25.000000,32.408720,0.082889
100.000000,30.000000,32.408720,0.082667
100.000000,35.000000,32.408720,0.082444
100.000000,40.000000,32.408720,0.082222
100.000000,45.000000,32.408720,0.082000
100.000000,50.000000,32.408720,0.082111
100.000000,55.000000,32.408720,0.082222
100.000000,60.000000,32.408720,0.082333
100.000000,65.000000,32.408720,0.082444
100.000000,70.000000,32.408720,0.082556
100.000000,75.000000,32.408720,0.082667
100.000000,80.000000,32.408720,0.082778
100.000000,85.000000,32.408720,0.082889
100.000000,90.000000,32.408720,0.083000
100.000000,95.000000,32.408720,0.083000
100.000000,100.000000,32.408720,0.083000
100.000000,105.000000,32.408720,0.083000
100.000000,110.000000,32.408720,0.083000
100.000000,115.000000,32.408720,0.083000
100.000000,120.000000,32.408720,0.083000
100.000000,125.000000,32.408720,0.083000
100.000000,130.000000,32.408720,0.083000
100.000000,135.000000,32.408720,0.083000
100.000000,140.000000,32.408720,0.084222
100.000000,145.000000,32.408720,0.085444
100.000000,150.000000,32.408720,0.086667
100.000000,155.000000,32.408720,0.087889
100.000000,160.000000,32.408720,0.089111
100.000000,165.000000,32.408720,0.090333
100.000000,170.000000,32.408720,0.091556
100.000000,175.000000,32.408720,0.092778
100.000000,180.000000,32.408720,0.094000
100.000000,185.000000,32.408720,0.094889
100.000000,190.000000,32.408720,0.095778
100.000000,195.000000,32.408720,0.096667
100.000000,200.000000,32.408720,0.097556
100.000000,205.000000,32.408720,0.098444
100.000000,210.000000,32.408720,0.099333
100.000000,215.000000,32.408720,0.100222
100.000000,220.000000,32.408720,0.101111
100.000000,225.000000,32.408720,0.102000
100.000000,230.000000,32.408720,0.102111
100.000000,235.000000,32.408720,0.102222
100.000000,240.000000,32.408720,0.102333
100.000000,245.000000,32.408720,0.102444
100.000000,250.000000,32.408720,0.102556
100.000000,255.000000,32.408720,0.102667
100.000000,260.000000,32.408720,0.102778
100.000000,265.000000,32.408720,0.102889
100.000000,270.000000,32.408720,0.103000
100.000000,275.000000,32.408720,0.102444
100.000000,280.000000,32.408720,0.101889
100.000000,285.000000,32.408720,0.101333
100.000000,290.000000,32.408720,0.100778
100.000000,295.000000,32.408720,0.100222
100.000000,300.000000,32.408720,0.099667
100.000000,305.000000,32.408720,0.099111
100.000000,310.000000,32.408720,0.098556
100.000000,315.000000,32.408720,0.098000
100.000000,320.000000,32.408720,0.096444
100.000000,325.000000,32.408720,0.094889
100.000000,330.000000,32.408720,0.093333
100.000000,335.000000,32.408720,0.091778
100.000000,340.000000,32.408720,0.090222
100.000000,345.000000,32.408720,0.088667
100.000000,350.000000,32.408720,0.087111
100.000000,355.000000,32.408720,0.085556
95.000000,0.000000,32.438123,0.084000
95.000000,5.000000,32.438123,0.084111
95.000000,10.000000,32.438123,0.084222
95.000000,15.000000,32.438123,0.084333
95.000000,20.000000,32.438123,0.084444
95.000000,25.000000,32.438123,0.084556
95.000000,30.000000,32.438123,0.084667
95.000000,35.000000,32.438123,0.084778
95.000000,40.000000,32.438123,0.084889
95.000000,45.000000,32.438123,0.085000
95.000000,50.000000,32.438123,0.085444
95.000000,55.000000,32.438123,0.085889
95.000000,60.000000,32.438123,0.086333
95.000000,65.000000,32.438123,0.086778
95.000000,70.000000,32.438123,0.087222
95.000000,75.000000,32.438123,0.087667
95.000000,80.000000,32.438123,0.088111
95.000000,85.000000,32.438123,0.088556
95.000000,90.000000,32.438123,0.089000
95.000000,95.000000,32.438123,0.088222
95.000000,100.000000,32.438123,0.087444
95.000000,105.000000,32.438123,0.086667
95.000000,110.000000,32.438123,0.085889
95.000000,115.000000,32.438123,0.085111
95.000000,120.000000,32.438123,0.084333
95.000000,125.000000,32.438123,0.083556
95.000000,130.000000,32.438123,0.082778
95.000000,135.000000,32.438123,0.082000
95.000000,140.000000,32.438123,0.084000
95.000000,145.000000,32.438123,0.086000
95.000000,150.000000,32.438123,0.088000
95.000000,155.000000,32.438123,0.090000
95.000000,160.000000,32.438123,0.092000
95.000000,165.000000,32.438123,0.094000
95.000000,170.000000,32.438123,0.096000
95.000000,175.000000,32.438123,0.098000
95.000000,180.000000,32.438123,0.100000
95.000000,185.000000,32.438123,0.100333
95.000000,190.000000,32.438123,0.100667
95.000000,195.000000,32.438123,0.101000
95.000000,200.000000,32.438123,0.101333
95.000000,205.000000,32.438123,0.101667
95.000000,210.000000,32.438123,0.102000
95.000000,215.000000,32.438123,0.102333
95.000000,220.000000,32.438123,0.102667
95.000000,225.000000,32.438123,0.103000
95.000000,230.000000,32.438123,0.103000
95.000000,235.000000,32.438123,0.103000
95.000000,240.000000,32.438123,0.103000
95.000000,245.000000,32.438123,0.103000
95.000000,250.000000,32.438123,0.103000
95.000000,255.000000,32.438123,0.103000
95.000000,260.000000,32.438123,0.103000
95.000000,265.000000,32.438123,0.103000
95.000000,270.000000,32.438123,0.103000
95.000000,275.000000,32.438123,0.103222
95.000000,280.000000,32.438123,0.103444
95.000000,285.000000,32.438123,0.103667
95.000000,290.000000,32.438123,0.103889
95.000000,295.000000,32.438123,0.104111
95.000000,300.000000,32.438123,0.104333
95.000000,305.000000,32.438123,0.104556
95.000000,310.000000,32.438123,0.104778
95.000000,315.000000,32.438123,0.105000
95.000000,320.000000,32.438123,0.102667
95.000000,325.000000,32.438123,0.100333
95.000000,330.000000,32.438123,0.098000
95.000000,335.000000,32.438123,0.095667
95.000000,340.000000,32.438123,0.093333
95.000000,345.000000,32.438123,0.091000
95.000000,350.000000,32.438123,0.088667
95.000000,355.000000,32.438123,0.086333
90.000000,0.000000,32.794843,0.111000
90.000000,5.000000,32.794843,0.110444
90.000000,10.000000,32.794843,0.109889
90.000000,15.000000,32.794843,0.109333
90.000000,20.000000,32.794843,0.108778
90.000000,25.000000,32.794843,0.108222
90.000000,30.000000,32.794843,0.107667
90.000000,35.000000,32.794843,0.107111
90.000000,40.000000,32.794843,0.106556
90.000000,45.000000,32.794843,0.106000
90.000000,50.000000,32.794843,0.106111
90.000000,55.000000,32.794843,0.106222
90.000000,60.000000,32.794843,0.106333
90.000000,65.000000,32.794843,0.106444
90.000000,70.000000,32.794843,0.106556
90.000000,75.000000,32.794843,0.106667
90.000000,80.000000,32.794843,0.106778
90.000000,85.000000,32.794843,0.106889
90.000000,90.000000,32.794843,0.107000
90.000000,95.000000,32.794843,0.107778
90.000000,100.000000,32.794843,0.108556
90.000000,105.000000,32.794843,0.109333
90.000000,110.000000,32.794843,0.110111
90.000000,115.000000,32.794843,0.110889
90.000000,120.000000,32.794843,0.111667
90.000000,125.000000,32.794843,0.112444
90.000000,130.000000,32.794843,0.113222
90.000000,135.000000,32.794843,0.114000
90.000000,140.000000,32.794843,0.114111
90.000000,145.000000,32.794843,0.114222
90.000000,150.000000,32.794843,0.114333
90.000000,155.000000,32.794843,0.114444
90.000000,160.000000,32.794843,0.114556
90.000000,165.000000,32.794843,0.114667
90.000000,170.000000,32.794843,0.114778
90.000000,175.000000,32.794843,0.114889
90.000000,180.000000,32.794843,0.115000
90.000000,185.000000,32.794843,0.115889
90.000000,190.000000,32.794843,0.116778
90.000000,195.000000,32.794843,0.117667
90.000000,200.000000,32.794843,0.118556
90.000000,205.000000,32.794843,0.119444
90.000000,210.000000,32.794843,0.120333
90.000000,215.000000,32.794843,0.121222
90.000000,220.000000,32.794843,0.122111
90.000000,225.000000,32.794843,0.123000
90.000000,230.000000,32.794843,0.122667
90.000000,235.000000,32.794843,0.122333
90.000000,240.000000,32.794843,0.122000
90.000000,245.000000,32.794843,0.121667
90.000000,250.000000,32.794843,0.121333
90.000000,255.000000,32.794843,0.121000
90.000000,260.000000,32.794843,0.120667
90.000000,265.000000,32.794843,0.120333
90.000000,270.000000,32.794843,0.120000
90.000000,275.000000,32.794843,0.120333
90.000000,280.000000,32.794843,0.120667
90.000000,285.000000,32.794843,0.121000
90.000000,290.000000,32.794843,0.121333
90.000000,295.000000,32.794843,0.121667
90.000000,300.000000,32.794843,0.122000
90.000000,305.000000,32.794843,0.122333
90.000000,310.000000,32.794843,0.122667
90.000000,315.000000,32.794843,0.123000
90.000000,320.000000,32.794843,0.121667
90.000000,325.000000,32.794843,0.120333
90.000000,330.000000,32.794843,0.119000
90.000000,335.000000,32.794843,0.117667
90.000000,340.000000,32.794843,0.116333
90.000000,345.000000,32.794843,0.115000
90.000000,350.000000,32.794843,0.113667
90.000000,355.000000,32.794843,0.112333
85.000000,0.000000,31.256736,0.128000
85.000000,5.000000,31.256736,0.127444
85.000000,10.000000,31.256736,0.126889
85.000000,15.000000,31.256736,0.126333
85.000000,20.000000,31.256736,0.125778
85.000000,25.000000,31.256736,0.125222
85.000000,30.000000,31.256736,0.124667
85.000000,35.000000,31.256736,0.124111
85.000000,40.000000,31.256736,0.123556
85.000000,45.000000,31.256736,0.123000
85.000000,50.000000,31.256736,0.123667
85.000000,55.000000,31.256736,0.124333
85.000000,60.000000,31.256736,0.125000
85.000000,65.000000,31.256736,0.125667
85.000000,70.000000,31.256736,0.126333
85.000000,75.000000,31.256736,0.127000
85.000000,80.000000,31.256736,0.127667
85.000000,85.000000,31.256736,0.128333
85.000000,90.000000,31.256736,0.129000
85.000000,95.000000,31.256736,0.128222
85.000000,100.000000,31.256736,0.127444
85.000000,105.000000,31.256736,0.126667
85.000000,110.000000,31.256736,0.125889
85.000000,115.000000,31.256736,0.125111
85.000000,120.000000,31.256736,0.124333
85.000000,125.000000,31.256736,0.123556
85.000000,130.000000,31.256736,0.122778
85.000000,135.000000,31.256736,0.122000
85.000000,140.000000,31.256736,0.123667
85.000000,145.000000,31.256736,0.125333
85.000000,150.000000,31.256736,0.127000
85.000000,155.000000,31.256736,0.128667
85.000000,160.000000,31.256736,0.130333
85.000000,165.000000,31.256736,0.132000
85.000000,170.000000,31.256736,0.133667
85.000000,175.000000,31.256736,0.135333
85.000000,180.000000,31.256736,0.137000
85.000000,185.000000,31.256736,0.136111
85.000000,190.000000,31.256736,0.135222
85.000000,195.000000,31.256736,0.134333
85.000000,200.000000,31.256736,0.133444
85.000000,205.000000,31.256736,0.132556
85.000000,210.000000,31.256736,0.131667
85.000000,215.000000,31.256736,0.130778
85.000000,220.000000,31.256736,0.129889
85.000000,225.000000,31.256736,0.129000
85.000000,230.000000,31.256736,0.129556
85.000000,235.000000,31.256736,0.130111
85.000000,240.000000,31.256736,0.130667
85.000000,245.000000,31.256736,0.131222
85.000000,250.000000,31.256736,0.131778
85.000000,255.000000,31.256736,0.132333
85.000000,260.000000,31.256736,0.132889
85.000000,265.000000,31.256736,0.133444
85.000000,270.000000,31.256736,0.134000
85.000000,275.000000,31.256736,0.134444
85.000000,280.000000,31.256736,0.134889
85.000000,285.000000,31.256736,0.135333
85.000000,290.000000,31.256736,0.135778
85.000000,295.000000,31.256736,0.136222
85.000000,300.000000,31.256736,0.136667
85.000000,305.000000,31.256736,0.137111
85.000000,310.000000,31.256736,0.137556
85.000000,315.000000,31.256736,0.138000
85.000000,320.000000,31.256736,0.136889
85.000000,325.000000,31.256736,0.135778
85.000000,330.000000,31.256736,0.134667
85.000000,335.000000,31.256736,0.133556
85.000000,340.000000,31.256736,0.132444
85.000000,345.000000,31.256736,0.131333
85.000000,350.000000,31.256736,0.130222
85.000000,355.000000,31.256736,0.129111
80.000000,0.000000,30.329922,0.123000
80.000000,5.000000,30.329922,0.124222
80.000000,10.000000,30.329922,0.125444
80.000000,15.000000,30.329922,0.126667
80.000000,20.000000,30.329922,0.127889
80.000000,25.000000,30.329922,0.129111
80.000000,30.000000,30.329922,0.130333
80.000000,35.000000,30.329922,0.131556
80.000000,40.000000,30.329922,0.132778
80.000000,45.000000,30.329922,0.134000
80.000000,50.000000,30.329922,0.135556
80.000000,55.000000,30.329922,0.137111
80.000000,60.000000,30.329922,0.138667
80.000000,65.000000,30.329922,0.140222
80.000000,70.000000,30.329922,0.141778
80.000000,75.000000,30.329922,0.143333
80.000000,80.000000,30.329922,0.144889
80.000000,85.000000,30.329922,0.146444
80.000000,90.000000,30.329922,0.148000
80.000000,95.000000,30.329922,0.144667
80.000000,100.000000,30.329922,0.141333
80.000000,105.000000,30.329922,0.138000
80.000000,110.000000,30.329922,0.134667
80.000000,115.000000,30.329922,0.131333
80.000000,120.000000,30.329922,0.128000
80.000000,125.000000,30.329922,0.124667
80.000000,130.000000,30.329922,0.121333
80.000000,135.000000,30.329922,0.118000
80.000000,140.000000,30.329922,0.120556
80.000000,145.000000,30.329922,0.123111
80.000000,150.000000,30.329922,0.125667
80.000000,155.000000,30.329922,0.128222
80.000000,160.000000,30.329922,0.130778
80.000000,165.000000,30.329922,0.133333
80.000000,170.000000,30.329922,0.135889
80.000000,175.000000,30.329922,0.138444
80.000000,180.000000,30.329922,0.141000
80.000000,185.000000,30.329922,0.139222
80.000000,190.000000,30.329922,0.137444
80.000000,195.000000,30.329922,0.135667
80.000000,200.000000,30.329922,0.133889
80.000000,205.000000,30.329922,0.132111
80.000000,210.000000,30.329922,0.130333
80.000000,215.000000,30.329922,0.128556
80.000000,220.000000,30.329922,0.126778
80.000000,225.000000,30.329922,0.125000
80.000000,230.000000,30.329922,0.124444
80.000000,235.000000,30.329922,0.123889
80.000000,240.000000,30.329922,0.123333
80.000000,245.000000,30.329922,0.122778
80.000000,250.000000,30.329922,0.122222
80.000000,255.000000,30.329922,0.121667
80.000000,260.000000,30.329922,0.121111
80.000000,265.000000,30.329922,0.120556
80.000000,270.000000,30.329922,0.120000
80.000000,275.000000,30.329922,0.122667
80.000000,280.000000,30.329922,0.125333
80.000000,285.000000,30.329922,0.128000
80.000000,290.000000,30.329922,0.130667
80.000000,295.000000,30.329922,0.133333
80.000000,300.000000,30.329922,0.136000
80.000000,305.000000,30.329922,0.138667
80.000000,310.000000,30.329922,0.141333
80.000000,315.000000,30.329922,0.144000
80.000000,320.000000,30.329922,0.141667
80.000000,325.000000,30.329922,0.139333
80.000000,330.000000,30.329922,0.137000
80.000000,335.000000,30.329922,0.134667
80.000000,340.000000,30.329922,0.132333
80.000000,345.000000,30.329922,0.130000
80.000000,350.000000,30.329922,0.127667
80.000000,355.000000,30.329922,0.125333
75.000000,0.000000,29.539849,0.107000
75.000000,5.000000,29.539849,0.108111
75.000000,10.000000,29.539849,0.109222
75.000000,15.000000,29.539849,0.110333
75.000000,20.000000,29.539849,0.111444
75.000000,25.000000,29.539849,0.112556
75.000000,30.000000,29.539849,0.113667
75.000000,35.000000,29.539849,0.114778
75.000000,40.000000,29.539849,0.115889
75.000000,45.000000,29.539849,0.117000
75.000000,50.000000,29.539849,0.117667
75.000000,55.000000,29.539849,0.118333
75.000000,60.000000,29.539849,0.119000
75.000000,65.000000,29.539849,0.119667
75.000000,70.000000,29.539849,0.120333
75.000000,75.000000,29.539849,0.121000
75.000000,80.000000,29.539849,0.121667
75.000000,85.000000,29.539849,0.122333
75.000000,90.000000,29.539849,0.123000
75.000000,95.000000,29.539849,0.122333
75.000000,100.000000,29.539849,0.121667
75.000000,105.000000,29.539849,0.121000
75.000000,110.000000,29.539849,0.120333
75.000000,115.000000,29.539849,0.119667
75.000000,120.000000,29.539849,0.119000
75.000000,125.000000,29.539849,0.118333
75.000000,130.000000,29.539849,0.117667
75.000000,135.000000,29.539849,0.117000
75.000000,140.000000,29.539849,0.118111
75.000000,145.000000,29.539849,0.119222
75.000000,150.000000,29.539849,0.120333
75.000000,155.000000,29.539849,0.121444
75.000000,160.000000,29.539849,0.122556
75.000000,165.000000,29.539849,0.123667
75.000000,170.000000,29.539849,0.124778
75.000000,175.000000,29.539849,0.125889
75.000000,180.000000,29.539849,0.127000
75.000000,185.000000,29.539849,0.127778
75.000000,190.000000,29.539849,0.128556
75.000000,195.000000,29.539849,0.129333
75.000000,200.000000,29.539849,0.130111
75.000000,205.000000,29.539849,0.130889
75.000000,210.000000,29.539849,0.131667
75.000000,215.000000,29.539849,0.132444
75.000000,220.000000,29.539849,0.133222
75.000000,225.000000,29.539849,0.134000
75.000000,230.000000,29.539849,0.134556
75.000000,235.000000,29.539849,0.135111
75.000000,240.000000,29.539849,0.135667
75.000000,245.000000,29.539849,0.136222
75.000000,250.000000,29.539849,0.136778
75.000000,255.000000,29.539849,0.137333
75.000000,260.000000,29.539849,0.137889
75.000000,265.000000,29.539849,0.138444
75.000000,270.000000,29.539849,0.139000
75.000000,275.000000,29.539849,0.137778
75.000000,280.000000,29.539849,0.136556
75.000000,285.000000,29.539849,0.135333
75.000000,290.000000,29.539849,0.134111
75.000000,295.000000,29.539849,0.132889
75.000000,300.000000,29.539849,0.131667
75.000000,305.000000,29.539849,0.130444
75.000000,310.000000,29.539849,0.129222
75.000000,315.000000,29.539849,0.128000
75.000000,320.000000,29.539849,0.125667
75.000000,325.000000,29.539849,0.123333
75.000000,330.000000,29.539849,0.121000
75.000000,335.000000,29.539849,0.118667
75.000000,340.000000,29.539849,0.116333
75.000000,345.000000,29.539849,0.114000
75.000000,350.000000,29.539849,0.111667
75.000000,355.000000,29.539849,0.109333
70.000000,0.000000,29.000754,0.109000
70.000000,5.000000,29.000754,0.107111
70.000000,10.000000,29.000754,0.105222
70.000000,15.000000,29.000754,0.103333
70.000000,20.000000,29.000754,0.101444
70.000000,25.000000,29.000754,0.099556
70.000000,30.000000,29.000754,0.097667
70.000000,35.000000,29.000754,0.095778
70.000000,40.000000,29.000754,0.093889
70.000000,45.000000,29.000754,0.092000
70.000000,50.000000,29.000754,0.092556
70.000000,55.000000,29.000754,0.093111
70.000000,60.000000,29.000754,0.093667
70.000000,65.000000,29.000754,0.094222
70.000000,70.000000,29.000754,0.094778
70.000000,75.000000,29.000754,0.095333
70.000000,80.000000,29.000754,0.095889
70.000000,85.000000,29.000754,0.096444
70.000000,90.000000,29.000754,0.097000
70.000000,95.000000,29.000754,0.096778
70.000000,100.000000,29.000754,0.096556
70.000000,105.000000,29.000754,0.096333
70.000000,110.000000,29.000754,0.096111
70.000000,115.000000,29.000754,0.095889
70.000000,120.000000,29.000754,0.095667
70.000000,125.000000,29.000754,0.095444
70.000000,130.000000,29.000754,0.095222
70.000000,135.000000,29.000754,0.095000
70.000000,140.000000,29.000754,0.096333
70.000000,145.000000,29.000754,0.097667
70.000000,150.000000,29.000754,0.099000
70.000000,155.000000,29.000754,0.100333
70.000000,160.000000,29.000754,0.101667
70.000000,165.000000,29.000754,0.103000
70.000000,170.000000,29.000754,0.104333
70.000000,175.000000,29.000754,0.105667
70.000000,180.000000,29.000754,0.107000
70.000000,185.000000,29.000754,0.108556
70.000000,190.000000,29.000754,0.110111
70.000000,195.000000,29.000754,0.111667
70.000000,200.000000,29.000754,0.113222
70.000000,205.000000,29.000754,0.114778
70.000000,210.000000,29.000754,0.116333
70.000000,215.000000,29.000754,0.117889
70.000000,220.000000,29.000754,0.119444
70.000000,225.000000,29.000754,0.121000
70.000000,230.000000,29.000754,0.119889
70.000000,235.000000,29.000754,0.118778
70.000000,240.000000,29.000754,0.117667
70.000000,245.000000,29.000754,0.116556
70.000000,250.000000,29.000754,0.115444
70.000000,255.000000,29.000754,0.114333
70.000000,260.000000,29.000754,0.113222
70.000000,265.000000,29.000754,0.112111
70.000000,270.000000,29.000754,0.111000
70.000000,275.000000,29.000754,0.111111
70.000000,280.000000,29.000754,0.111222
70.000000,285.000000,29.000754,0.111333
70.000000,290.000000,29.000754,0.111444
70.000000,295.000000,29.000754,0.111556
70.000000,300.000000,29.000754,0.111667
70.000000,305.000000,29.000754,0.111778
70.000000,310.000000,29.000754,0.111889
70.000000,315.000000,29.000754,0.112000
70.000000,320.000000,29.000754,0.111667
70.000000,325.000000,29.000754,0.111333
70.000000,330.000000,29.000754,0.111000
70.000000,335.000000,29.000754,0.110667
70.000000,340.000000,29.000754,0.110333
70.000000,345.000000,29.000754,0.110000
70.000000,350.000000,29.000754,0.109667
70.000000,355.000000,29.000754,0.109333
65.000000,0.000000,30.082525,0.084000
65.000000,5.000000,30.082525,0.084556
65.000000,10.000000,30.082525,0.085111
65.000000,15.000000,30.082525,0.085667
65.000000,20.000000,30.082525,0.086222
65.000000,25.000000,30.082525,0.086778
65.000000,30.000000,30.082525,0.087333
65.000000,35.000000,30.082525,0.087889
65.000000,40.000000,30.082525,0.088444
65.000000,45.000000,30.082525,0.089000
65.000000,50.000000,30.082525,0.088778
65.000000,55.000000,30.082525,0.088556
65.000000,60.000000,30.082525,0.088333
65.000000,65.000000,30.082525,0.088111
65.000000,70.000000,30.082525,0.087889
65.000000,75.000000,30.082525,0.087667
65.000000,80.000000,30.082525,0.087444
65.000000,85.000000,30.082525,0.087222
65.000000,90.000000,30.082525,0.087000
65.000000,95.000000,30.082525,0.086778
65.000000,100.000000,30.082525,0.086556
65.000000,105.000000,30.082525,0.086333
65.000000,110.000000,30.082525,0.086111
65.000000,115.000000,30.082525,0.085889
65.000000,120.000000,30.082525,0.085667
65.000000,125.000000,30.082525,0.085444
65.000000,130.000000,30.082525,0.085222
65.000000,135.000000,30.082525,0.085000
65.000000,140.000000,30.082525,0.087000
65.000000,145.000000,30.082525,0.089000
65.000000,150.000000,30.082525,0.091000
65.000000,155.000000,30.082525,0.093000
65.000000,160.000000,30.082525,0.095000
65.000000,165.000000,30.082525,0.097000
65.000000,170.000000,30.082525,0.099000
65.000000,175.000000,30.082525,0.101000
65.000000,180.000000,30.082525,0.103000
65.000000,185.000000,30.082525,0.103111
65.000000,190.000000,30.082525,0.103222
65.000000,195.000000,30.082525,0.103333
65.000000,200.000000,30.082525,0.103444
65.000000,205.000000,30.082525,0.103556
65.000000,210.000000,30.082525,0.103667
65.000000,215.000000,30.082525,0.103778
65.000000,220.000000,30.082525,0.103889
65.000000,225.000000,30.082525,0.104000
65.000000,230.000000,30.082525,0.104556
65.000000,235.000000,30.082525,0.105111
65.000000,240.000000,30.082525,0.105667
65.000000,245.000000,30.082525,0.106222
65.000000,250.000000,30.082525,0.106778
65.000000,255.000000,30.082525,0.107333
65.000000,260.000000,30.082525,0.107889
65.000000,265.000000,30.082525,0.108444
65.000000,270.000000,30.082525,0.109000
65.000000,275.000000,30.082525,0.108556
65.000000,280.000000,30.082525,0.108111
65.000000,285.000000,30.082525,0.107667
65.000000,290.000000,30.082525,0.107222
65.000000,295.000000,30.082525,0.106778
65.000000,300.000000,30.082525,0.106333
65.000000,305.000000,30.082525,0.105889
65.000000,310.000000,30.082525,0.105444
65.000000,315.000000,30.082525,0.105000
65.000000,320.000000,30.082525,0.102667
65.000000,325.000000,30.082525,0.100333
65.000000,330.000000,30.082525,0.098000
65.000000,335.000000,30.082525,0.095667
65.000000,340.000000,30.082525,0.093333
65.000000,345.000000,30.082525,0.091000
65.000000,350.000000,30.082525,0.088667
65.000000,355.000000,30.082525,0.086333
60.000000,0.000000,29.010940,0.084000
60.000000,5.000000,29.010940,0.083444
60.000000,10.000000,29.010940,0.082889
60.000000,15.000000,29.010940,0.082333
60.000000,20.000000,29.010940,0.081778
60.000000,25.000000,29.010940,0.081222
60.000000,30.000000,29.010940,0.080667
60.000000,35.000000,29.010940,0.080111
60.000000,40.000000,29.010940,0.079556
60.000000,45.000000,29.010940,0.079000
60.000000,50.000000,29.010940,0.079444
60.000000,55.000000,29.010940,0.079889
60.000000,60.000000,29.010940,0.080333
60.000000,65.000000,29.010940,0.080778
60.000000,70.000000,29.010940,0.081222
60.000000,75.000000,29.010940,0.081667
60.000000,80.000000,29.010940,0.082111
60.000000,85.000000,29.010940,0.082556
60.000000,90.000000,29.010940,0.083000
60.000000,95.000000,29.010940,0.082889
60.000000,100.000000,29.010940,0.082778
60.000000,105.000000,29.010940,0.082667
60.000000,110.000000,29.010940,0.082556
60.000000,115.000000,29.010940,0.082444
60.000000,120.000000,29.010940,0.082333
60.000000,125.000000,29.010940,0.082222
60.000000,130.000000,29.010940,0.082111
60.000000,135.000000,29.010940,0.082000
60.000000,140.000000,29.010940,0.083111
60.000000,145.000000,29.010940,0.084222
60.000000,150.000000,29.010940,0.085333
60.000000,155.000000,29.010940,0.086444
60.000000,160.000000,29.010940,0.087556
60.000000,165.000000,29.010940,0.088667
60.000000,170.000000,29.010940,0.089778
60.000000,175.000000,29.010940,0.090889
60.000000,180.000000,29.010940,0.092000
60.000000,185.000000,29.010940,0.092667
60.000000,190.000000,29.010940,0.093333
60.000000,195.000000,29.010940,0.094000
60.000000,200.000000,29.010940,0.094667
60.000000,205.000000,29.010940,0.095333
60.000000,210.000000,29.010940,0.096000
60.000000,215.000000,29.010940,0.096667
60.000000,220.000000,29.010940,0.097333
60.000000,225.000000,29.010940,0.098000
60.000000,230.000000,29.010940,0.098111
60.000000,235.000000,29.010940,0.098222
60.000000,240.000000,29.010940,0.098333
60.000000,245.000000,29.010940,0.098444
60.000000,250.000000,29.010940,0.098556
60.000000,255.000000,29.010940,0.098667
60.000000,260.000000,29.010940,0.098778
60.000000,265.000000,29.010940,0.098889
60.000000,270.000000,29.010940,0.099000
60.000000,275.000000,29.010940,0.099111
60.000000,280.000000,29.010940,0.099222
60.000000,285.000000,29.010940,0.099333
60.000000,290.000000,29.010940,0.099444
60.000000,295.000000,29.010940,0.099556
60.000000,300.000000,29.010940,0.099667
60.000000,305.000000,29.010940,0.099778
60.000000,310.000000,29.010940,0.099889
60.000000,315.000000,29.010940,0.100000
60.000000,320.000000,29.010940,0.098222
60.000000,325.000000,29.010940,0.096444
60.000000,330.000000,29.010940,0.094667
60.000000,335.000000,29.010940,0.092889
60.000000,340.000000,29.010940,0.091111
60.000000,345.000000,29.010940,0.089333
60.000000,350.000000,29.010940,0.087556
60.000000,355.000000,29.010940,0.085778
55.000000,0.000000,30.850760,0.076000
55.000000,5.000000,30.850760,0.076778
55.000000,10.000000,30.850760,0.077556
55.000000,15.000000,30.850760,0.078333
55.000000,20.000000,30.850760,0.079111
55.000000,25.000000,30.850760,0.079889
55.000000,30.000000,30.850760,0.080667
55.000000,35.000000,30.850760,0.081444
55.000000,40.000000,30.850760,0.082222
55.000000,45.000000,30.850760,0.083000
55.000000,50.000000,30.850760,0.083111
55.000000,55.000000,30.850760,0.083222
55.000000,60.000000,30.850760,0.083333
55.000000,65.000000,30.850760,0.083444
55.000000,70.000000,30.850760,0.083556
55.000000,75.000000,30.850760,0.083667
55.000000,80.000000,30.850760,0.083778
55.000000,85.000000,30.850760,0.083889
55.000000,90.000000,30.850760,0.084000
55.000000,95.000000,30.850760,0.082556
55.000000,100.000000,30.850760,0.081111
55.000000,105.000000,30.850760,0.079667
55.000000,110.000000,30.850760,0.078222
55.000000,115.000000,30.850760,0.076778
55.000000,120.000000,30.850760,0.075333
55.000000,125.000000,30.850760,0.073889
55.000000,130.000000,30.850760,0.072444
55.000000,135.000000,30.850760,0.071000
55.000000,140.000000,30.850760,0.073222
55.000000,145.000000,30.850760,0.075444
55.000000,150.000000,30.850760,0.077667
55.000000,155.000000,30.850760,0.079889
55.000000,160.000000,30.850760,0.082111
55.000000,165.000000,30.850760,0.084333
55.000000,170.000000,30.850760,0.086556
55.000000,175.000000,30.850760,0.088778
55.000000,180.000000,30.850760,0.091000
55.000000,185.000000,30.850760,0.091889
55.000000,190.000000,30.850760,0.092778
55.000000,195.000000,30.850760,0.093667
55.000000,200.000000,30.850760,0.094556
55.000000,205.000000,30.850760,0.095444
55.000000,210.000000,30.850760,0.096333
55.000000,215.000000,30.850760,0.097222
55.000000,220.000000,30.850760,0.098111
55.000000,225.000000,30.850760,0.099000
55.000000,230.000000,30.850760,0.099444
55.000000,235.000000,30.850760,0.099889
55.000000,240.000000,30.850760,0.100333
55.000000,245.000000,30.850760,0.100778
55.000000,250.000000,30.850760,0.101222
55.000000,255.000000,30.850760,0.101667
55.000000,260.000000,30.850760,0.102111
55.000000,265.000000,30.850760,0.102556
55.000000,270.000000,30.850760,0.103000
55.000000,275.000000,30.850760,0.101889
55.000000,280.000000,30.850760,0.100778
55.000000,285.000000,30.850760,0.099667
55.000000,290.000000,30.850760,0.098556
55.000000,295.000000,30.850760,0.097444
55.000000,300.000000,30.850760,0.096333
55.000000,305.000000,30.850760,0.095222
55.000000,310.000000,30.850760,0.094111
55.000000,315.000000,30.850760,0.093000
55.000000,320.000000,30.850760,0.091111
55.000000,325.000000,30.850760,0.089222
55.000000,330.000000,30.850760,0.087333
55.000000,335.000000,30.850760,0.085444
55.000000,340.000000,30.850760,0.083556
55.000000,345.000000,30.850760,0.081667
55.000000,350.000000,30.850760,0.079778
55.000000,355.000000,30.850760,0.077889
50.000000,0.000000,29.520088,0.070000
50.000000,5.000000,29.520088,0.070222
50.000000,10.000000,29.520088,0.070444
50.000000,15.000000,29.520088,0.070667
50.000000,20.000000,29.520088,0.070889
50.000000,25.000000,29.520088,0.071111
50.000000,30.000000,29.520088,0.071333
50.000000,35.000000,29.520088,0.071556
50.000000,40.000000,29.520088,0.071778
50.000000,45.000000,29.520088,0.072000
50.000000,50.000000,29.520088,0.072222
50.000000,55.000000,29.520088,0.072444
50.000000,60.000000,29.520088,0.072667
50.000000,65.000000,29.520088,0.072889
50.000000,70.000000,29.520088,0.073111
50.000000,75.000000,29.520088,0.073333
50.000000,80.000000,29.520088,0.073556
50.000000,85.000000,29.520088,0.073778
50.000000,90.000000,29.520088,0.074000
50.000000,95.000000,29.520088,0.074333
50.000000,100.000000,29.520088,0.074667
50.000000,105.000000,29.520088,0.075000
50.000000,110.000000,29.520088,0.075333
50.000000,115.000000,29.520088,0.075667
50.000000,120.000000,29.520088,0.076000
50.000000,125.000000,29.520088,0.076333
50.000000,130.000000,29.520088,0.076667
50.000000,135.000000,29.520088,0.077000
50.000000,140.000000,29.520088,0.077778
50.000000,145.000000,29.520088,0.078556
50.000000,150.000000,29.520088,0.079333
50.000000,155.000000,29.520088,0.080111
50.000000,160.000000,29.520088,0.080889
50.000000,165.000000,29.520088,0.081667
50.000000,170.000000,29.520088,0.082444
50.000000,175.000000,29.520088,0.083222
50.000000,180.000000,29.520088,0.084000
50.000000,185.000000,29.520088,0.084333
50.000000,190.000000,29.520088,0.084667
50.000000,195.000000,29.520088,0.085000
50.000000,200.000000,29.520088,0.085333
50.000000,205.000000,29.520088,0.085667
50.000000,210.000000,29.520088,0.086000
50.000000,215.000000,29.520088,0.086333
50.000000,220.000000,29.520088,0.086667
50.000000,225.000000,29.520088,0.087000
50.000000,230.000000,29.520088,0.087444
50.000000,235.000000,29.520088,0.087889
50.000000,240.000000,29.520088,0.088333
50.000000,245.000000,29.520088,0.088778
50.000000,250.000000,29.520088,0.089222
50.000000,255.000000,29.520088,0.089667
50.000000,260.000000,29.520088,0.090111
50.000000,265.000000,29.520088,0.090556
50.000000,270.000000,29.520088,0.091000
50.000000,275.000000,29.520088,0.090778
50.000000,280.000000,29.520088,0.090556
50.000000,285.000000,29.520088,0.090333
50.000000,290.000000,29.520088,0.090111
50.000000,295.000000,29.520088,0.089889
50.000000,300.000000,29.520088,0.089667
50.000000,305.000000,29.520088,0.089444
50.000000,310.000000,29.520088,0.089222
50.000000,315.000000,29.520088,0.089000
50.000000,320.000000,29.520088,0.086889
50.000000,325.000000,29.520088,0.084778
50.000000,330.000000,29.520088,0.082667
50.000000,335.000000,29.520088,0.080556
50.000000,340.000000,29.520088,0.078444
50.000000,345.000000,29.520088,0.076333
50.000000,350.000000,29.520088,0.074222
50.000000,355.000000,29.520088,0.072111
45.000000,0.000000,31.803820,0.073000
45.000000,5.000000,31.803820,0.072222
45.000000,10.000000,31.803820,0.071444
45.000000,15.000000,31.803820,0.070667
45.000000,20.000000,31.803820,0.069889
45.000000,25.000000,31.803820,0.069111
45.000000,30.000000,31.803820,0.068333
45.000000,35.000000,31.803820,0.067556
45.000000,40.000000,31.803820,0.066778
45.000000,45.000000,31.803820,0.066000
45.000000,50.000000,31.803820,0.067000
45.000000,55.000000,31.803820,0.068000
45.000000,60.000000,31.803820,0.069000
45.000000,65.000000,31.803820,0.070000
45.000000,70.000000,31.803820,0.071000
45.000000,75.000000,31.803820,0.072000
45.000000,80.000000,31.803820,0.073000
45.000000,85.000000,31.803820,0.074000
45.000000,90.000000,31.803820,0.075000
45.000000,95.000000,31.803820,0.074000
45.000000,100.000000,31.803820,0.073000
45.000000,105.000000,31.803820,0.072000
45.000000,110.000000,31.803820,0.071000
45.000000,115.000000,31.803820,0.070000
45.000000,120.000000,31.803820,0.069000
45.000000,125.000000,31.803820,0.068000
45.000000,130.000000,31.803820,0.067000
45.000000,135.000000,31.803820,0.066000
45.000000,140.000000,31.803820,0.067333
45.000000,145.000000,31.803820,0.068667
45.000000,150.000000,31.803820,0.070000
45.000000,155.000000,31.803820,0.071333
45.000000,160.000000,31.803820,0.072667
45.000000,165.000000,31.803820,0.074000
45.000000,170.000000,31.803820,0.075333
45.000000,175.000000,31.803820,0.076667
45.000000,180.000000,31.803820,0.078000
45.000000,185.000000,31.803820,0.079222
45.000000,190.000000,31.803820,0.080444
45.000000,195.000000,31.803820,0.081667
45.000000,200.000000,31.803820,0.082889
45.000000,205.000000,31.803820,0.084111
45.000000,210.000000,31.803820,0.085333
45.000000,215.000000,31.803820,0.086556
45.000000,220.000000,31.803820,0.087778
45.000000,225.000000,31.803820,0.089000
45.000000,230.000000,31.803820,0.087556
45.000000,235.000000,31.803820,0.086111
45.000000,240.000000,31.803820,0.084667
45.000000,245.000000,31.803820,0.083222
45.000000,250.000000,31.803820,0.081778
45.000000,255.000000,31.803820,0.080333
45.000000,260.000000,31.803820,0.078889
45.000000,265.000000,31.803820,0.077444
45.000000,270.000000,31.803820,0.076000
45.000000,275.000000,31.803820,0.076778
45.000000,280.000000,31.803820,0.077556
45.000000,285.000000,31.803820,0.078333
45.000000,290.000000,31.803820,0.079111
45.000000,295.000000,31.803820,0.079889
45.000000,300.000000,31.803820,0.080667
45.000000,305.000000,31.803820,0.081444
45.000000,310.000000,31.803820,0.082222
45.000000,315.000000,31.803820,0.083000
45.000000,320.000000,31.803820,0.081889
45.000000,325.000000,31.803820,0.080778
45.000000,330.000000,31.803820,0.079667
45.000000,335.000000,31.803820,0.078556
45.000000,340.000000,31.803820,0.077444
45.000000,345.000000,31.803820,0.076333
45.000000,350.000000,31.803820,0.075222
45.000000,355.000000,31.803820,0.074111
40.000000,0.000000,32.152334,0.069000
40.000000,5.000000,32.152334,0.069111
40.000000,10.000000,32.152334,0.069222
40.000000,15.000000,32.152334,0.069333
40.000000,20.000000,32.152334,0.069444
40.000000,25.000000,32.152334,0.069556
40.000000,30.000000,32.152334,0.069667
40.000000,35.000000,32.152334,0.069778
40.000000,40.000000,32.152334,0.069889
40.000000,45.000000,32.152334,0.070000
40.000000,50.000000,32.152334,0.070556
40.000000,55.000000,32.152334,0.071111
40.000000,60.000000,32.152334,0.071667
40.000000,65.000000,32.152334,0.072222
40.000000,70.000000,32.152334,0.072778
40.000000,75.000000,32.152334,0.073333
40.000000,80.000000,32.152334,0.073889
40.000000,85.000000,32.152334,0.074444
40.000000,90.000000,32.152334,0.075000
40.000000,95.000000,32.152334,0.074889
40.000000,100.000000,32.152334,0.074778
40.000000,105.000000,32.152334,0.074667
40.000000,110.000000,32.152334,0.074556
40.000000,115.000000,32.152334,0.074444
40.000000,120.000000,32.152334,0.074333
40.000000,125.000000,32.152334,0.074222
40.000000,130.000000,32.152334,0.074111
40.000000,135.000000,32.152334,0.074000
40.000000,140.000000,32.152334,0.074556
40.000000,145.000000,32.152334,0.075111
40.000000,150.000000,32.152334,0.075667
40.000000,155.000000,32.152334,0.076222
40.000000,160.000000,32.152334,0.076778
40.000000,165.000000,32.152334,0.077333
40.000000,170.000000,32.152334,0.077889
40.000000,175.000000,32.152334,0.078444
40.000000,180.000000,32.152334,0.079000
40.000000,185.000000,32.152334,0.079222
40.000000,190.000000,32.152334,0.079444
40.000000,195.000000,32.152334,0.079667
40.000000,200.000000,32.152334,0.079889
40.000000,205.000000,32.152334,0.080111
40.000000,210.000000,32.152334,0.080333
40.000000,215.000000,32.152334,0.080556
40.000000,220.000000,32.152334,0.080778
40.000000,225.000000,32.152334,0.081000
40.000000,230.000000,32.152334,0.082000
40.000000,235.000000,32.152334,0.083000
40.000000,240.000000,32.152334,0.084000
40.000000,245.000000,32.152334,0.085000
40.000000,250.000000,32.152334,0.086000
40.000000,255.000000,32.152334,0.087000
40.000000,260.000000,32.152334,0.088000
40.000000,265.000000,32.152334,0.089000
40.000000,270.000000,32.152334,0.090000
40.000000,275.000000,32.152334,0.089444
40.000000,280.000000,32.152334,0.088889
40.000000,285.000000,32.152334,0.088333
40.000000,290.000000,32.152334,0.087778
40.000000,295.000000,32.152334,0.087222
40.000000,300.000000,32.152334,0.086667
40.000000,305.000000,32.152334,0.086111
40.000000,310.000000,32.152334,0.085556
40.000000,315.000000,32.152334,0.085000
40.000000,320.000000,32.152334,0.083222
40.000000,325.000000,32.152334,0.081444
40.000000,330.000000,32.152334,0.079667
40.000000,335.000000,32.152334,0.077889
40.000000,340.000000,32.152334,0.076111
40.000000,345.000000,32.152334,0.074333
40.000000,350.000000,32.152334,0.072556
40.000000,355.000000,32.152334,0.070778
35.000000,0.000000,32.782263,0.101000
35.000000,5.000000,32.782263,0.100667
35.000000,10.000000,32.782263,0.100333
35.000000,15.000000,32.782263,0.100000
35.000000,20.000000,32.782263,0.099667
35.000000,25.000000,32.782263,0.099333
35.000000,30.000000,32.782263,0.099000
35.000000,35.000000,32.782263,0.098667
35.000000,40.000000,32.782263,0.098333
35.000000,45.000000,32.782263,0.098000
35.000000,50.000000,32.782263,0.097556
35.000000,55.000000,32.782263,0.097111
35.000000,60.000000,32.782263,0.096667
35.000000,65.000000,32.782263,0.096222
35.000000,70.000000,32.782263,0.095778
35.000000,75.000000,32.782263,0.095333
35.000000,80.000000,32.782263,0.094889
35.000000,85.000000,32.782263,0.094444
35.000000,90.000000,32.782263,0.094000
35.000000,95.000000,32.782263,0.094222
35.000000,100.000000,32.782263,0.094444
35.000000,105.000000,32.782263,0.094667
35.000000,110.000000,32.782263,0.094889
35.000000,115.000000,32.782263,0.095111
35.000000,120.000000,32.782263,0.095333
35.000000,125.000000,32.782263,0.095556
35.000000,130.000000,32.782263,0.095778
35.000000,135.000000,32.782263,0.096000
35.000000,140.000000,32.782263,0.096444
35.000000,145.000000,32.782263,0.096889
35.000000,150.000000,32.782263,0.097333
35.000000,155.000000,32.782263,0.097778
35.000000,160.000000,32.782263,0.098222
35.000000,165.000000,32.782263,0.098667
35.000000,170.000000,32.782263,0.099111
35.000000,175.000000,32.782263,0.099556
35.000000,180.000000,32.782263,0.100000
35.000000,185.000000,32.782263,0.100667
35.000000,190.000000,32.782263,0.101333
35.000000,195.000000,32.782263,0.102000
35.000000,200.000000,32.782263,0.102667
35.000000,205.000000,32.782263,0.103333
35.000000,210.000000,32.782263,0.104000
35.000000,215.000000,32.782263,0.104667
35.000000,220.000000,32.782263,0.105333
35.000000,225.000000,32.782263,0.106000
35.000000,230.000000,32.782263,0.106889
35.000000,235.000000,32.782263,0.107778
35.000000,240.000000,32.782263,0.108667
35.000000,245.000000,32.782263,0.109556
35.000000,250.000000,32.782263,0.110444
35.000000,255.000000,32.782263,0.111333
35.000000,260.000000,32.782263,0.112222
35.000000,265.000000,32.782263,0.113111
35.000000,270.000000,32.782263,0.114000
35.000000,275.000000,32.782263,0.113000
35.000000,280.000000,32.782263,0.112000
35.000000,285.000000,32.782263,0.111000
35.000000,290.000000,32.782263,0.110000
35.000000,295.000000,32.782263,0.109000
35.000000,300.000000,32.782263,0.108000
35.000000,305.000000,32.782263,0.107000
35.000000,310.000000,32.782263,0.106000
35.000000,315.000000,32.782263,0.105000
35.000000,320.000000,32.782263,0.104556
35.000000,325.000000,32.782263,0.104111
35.000000,330.000000,32.782263,0.103667
35.000000,335.000000,32.782263,0.103222
35.000000,340.000000,32.782263,0.102778
35.000000,345.000000,32.782263,0.102333
35.000000,350.000000,32.782263,0.101889
35.000000,355.000000,32.782263,0.101444
30.000000,0.000000,31.071613,0.096000
30.000000,5.000000,31.071613,0.095889
30.000000,10.000000,31.071613,0.095778
30.000000,15.000000,31.071613,0.095667
30.000000,20.000000,31.071613,0.095556
30.000000,25.000000,31.071613,0.095444
30.000000,30.000000,31.071613,0.095333
30.000000,35.000000,31.071613,0.095222
30.000000,40.000000,31.071613,0.095111
30.000000,45.000000,31.071613,0.095000
30.000000,50.000000,31.071613,0.095000
30.000000,55.000000,31.071613,0.095000
30.000000,60.000000,31.071613,0.095000
30.000000,65.000000,31.071613,0.095000
30.000000,70.000000,31.071613,0.095000
30.000000,75.000000,31.071613,0.095000
30.000000,80.000000,31.071613,0.095000
30.000000,85.000000,31.071613,0.095000
30.000000,90.000000,31.071613,0.095000
30.000000,95.000000,31.071613,0.094889
30.000000,100.000000,31.071613,0.094778
30.000000,105.000000,31.071613,0.094667
30.000000,110.000000,31.071613,0.094556
30.000000,115.000000,31.071613,0.094444
30.000000,120.000000,31.071613,0.094333
30.000000,125.000000,31.071613,0.094222
30.000000,130.000000,31.071613,0.094111
30.000000,135.000000,31.071613,0.094000
30.000000,140.000000,31.071613,0.095000
30.000000,145.000000,31.071613,0.096000
30.000000,150.000000,31.071613,0.097000
30.000000,155.000000,31.071613,0.098000
30.000000,160.000000,31.071613,0.099000
30.000000,165.000000,31.071613,0.100000
30.000000,170.000000,31.071613,0.101000
30.000000,175.000000,31.071613,0.102000
30.000000,180.000000,31.071613,0.103000
30.000000,185.000000,31.071613,0.103333
30.000000,190.000000,31.071613,0.103667
30.000000,195.000000,31.071613,0.104000
30.000000,200.000000,31.071613,0.104333
30.000000,205.000000,31.071613,0.104667
30.000000,210.000000,31.071613,0.105000
30.000000,215.000000,31.071613,0.105333
30.000000,220.000000,31.071613,0.105667
30.000000,225.000000,31.071613,0.106000
30.000000,230.000000,31.071613,0.106222
30.000000,235.000000,31.071613,0.106444
30.000000,240.000000,31.071613,0.106667
30.000000,245.000000,31.071613,0.106889
30.000000,250.000000,31.071613,0.107111
30.000000,255.000000,31.071613,0.107333
30.000000,260.000000,31.071613,0.107556
30.000000,265.000000,31.071613,0.107778
30.000000,270.000000,31.071613,0.108000
30.000000,275.000000,31.071613,0.107778
30.000000,280.000000,31.071613,0.107556
30.000000,285.000000,31.071613,0.107333
30.000000,290.000000,31.071613,0.107111
30.000000,295.000000,31.071613,0.106889
30.000000,300.000000,31.071613,0.106667
30.000000,305.000000,31.071613,0.106444
30.000000,310.000000,31.071613,0.106222
30.000000,315.000000,31.071613,0.106000
30.000000,320.000000,31.071613,0.104889
30.000000,325.000000,31.071613,0.103778
30.000000,330.000000,31.071613,0.102667
30.000000,335.000000,31.071613,0.101556
30.000000,340.000000,31.071613,0.100444
30.000000,345.000000,31.071613,0.099333
30.000000,350.000000,31.071613,0.098222
30.000000,355.000000,31.071613,0.097111
25.000000,0.000000,32.976346,0.105000
25.000000,5.000000,32.976346,0.104556
25.000000,10.000000,32.976346,0.104111
25.000000,15.000000,32.976346,0.103667
25.000000,20.000000,32.976346,0.103222
25.000000,25.000000,32.976346,0.102778
25.000000,30.000000,32.976346,0.102333
25.000000,35.000000,32.976346,0.101889
25.000000,40.000000,32.976346,0.101444
25.000000,45.000000,32.976346,0.101000
25.000000,50.000000,32.976346,0.100778
25.000000,55.000000,32.976346,0.100556
25.000000,60.000000,32.976346,0.100333
25.000000,65.000000,32.976346,0.100111
25.000000,70.000000,32.976346,0.099889
25.000000,75.000000,32.976346,0.099667
25.000000,80.000000,32.976346,0.099444
25.000000,85.000000,32.976346,0.099222
25.000000,90.000000,32.976346,0.099000
25.000000,95.000000,32.976346,0.099111
25.000000,100.000000,32.976346,0.099222
25.000000,105.000000,32.976346,0.099333
25.000000,110.000000,32.976346,0.099444
25.000000,115.000000,32.976346,0.099556
25.000000,120.000000,32.976346,0.099667
25.000000,125.000000,32.976346,0.099778
25.000000,130.000000,32.976346,0.099889
25.000000,135.000000,32.976346,0.100000
25.000000,140.000000,32.976346,0.101111
25.000000,145.000000,32.976346,0.102222
25.000000,150.000000,32.976346,0.103333
25.000000,155.000000,32.976346,0.104444
25.000000,160.000000,32.976346,0.105556
25.000000,165.000000,32.976346,0.106667
25.000000,170.000000,32.976346,0.107778
25.000000,175.000000,32.976346,0.108889
25.000000,180.000000,32.976346,0.110000
25.000000,185.000000,32.976346,0.110556
25.000000,190.000000,32.976346,0.111111
25.000000,195.000000,32.976346,0.111667
25.000000,200.000000,32.976346,0.112222
25.000000,205.000000,32.976346,0.112778
25.000000,210.000000,32.976346,0.113333
25.000000,215.000000,32.976346,0.113889
25.000000,220.000000,32.976346,0.114444
25.000000,225.000000,32.976346,0.115000
25.000000,230.000000,32.976346,0.115444
25.000000,235.000000,32.976346,0.115889
25.000000,240.000000,32.976346,0.116333
25.000000,245.000000,32.976346,0.116778
25.000000,250.000000,32.976346,0.117222
25.000000,255.000000,32.976346,0.117667
25.000000,260.000000,32.976346,0.118111
25.000000,265.000000,32.976346,0.118556
25.000000,270.000000,32.976346,0.119000
25.000000,275.000000,32.976346,0.118111
25.000000,280.000000,32.976346,0.117222
25.000000,285.000000,32.976346,0.116333
25.000000,290.000000,32.976346,0.115444
25.000000,295.000000,32.976346,0.114556
25.000000,300.000000,32.976346,0.113667
25.000000,305.000000,32.976346,0.112778
25.000000,310.000000,32.976346,0.111889
25.000000,315.000000,32.976346,0.111000
25.000000,320.000000,32.976346,0.110333
25.000000,325.000000,32.976346,0.109667
25.000000,330.000000,32.976346,0.109000
25.000000,335.000000,32.976346,0.108333
25.000000,340.000000,32.976346,0.107667
25.000000,345.000000,32.976346,0.107000
25.000000,350.000000,32.976346,0.106333
25.000000,355.000000,32.976346,0.105667
20.000000,0.000000,32.537716,0.114000
20.000000,5.000000,32.537716,0.113667
20.000000,10.000000,32.537716,0.113333
20.000000,15.000000,32.537716,0.113000
20.000000,20.000000,32.537716,0.112667
20.000000,25.000000,32.537716,0.112333
20.000000,30.000000,32.537716,0.112000
20.000000,35.000000,32.537716,0.111667
20.000000,40.000000,32.537716,0.111333
20.000000,45.000000,32.537716,0.111000
20.000000,50.000000,32.537716,0.110222
20.000000,55.000000,32.537716,0.109444
20.000000,60.000000,32.537716,0.108667
20.000000,65.000000,32.537716,0.107889
20.000000,70.000000,32.537716,0.107111
20.000000,75.000000,32.537716,0.106333
20.000000,80.000000,32.537716,0.105556
20.000000,85.000000,32.537716,0.104778
20.000000,90.000000,32.537716,0.104000
20.000000,95.000000,32.537716,0.104667
20.000000,100.000000,32.537716,0.105333
20.000000,105.000000,32.537716,0.106000
20.000000,110.000000,32.537716,0.106667
20.000000,115.000000,32.537716,0.107333
20.000000,120.000000,32.537716,0.108000
20.000000,125.000000,32.537716,0.108667
20.000000,130.000000,32.537716,0.109333
20.000000,135.000000,32.537716,0.110000
20.000000,140.000000,32.537716,0.110333
20.000000,145.000000,32.537716,0.110667
20.000000,150.000000,32.537716,0.111000
20.000000,155.000000,32.537716,0.111333
20.000000,160.000000,32.537716,0.111667
20.000000,165.000000,32.537716,0.112000
20.000000,170.000000,32.537716,0.112333
20.000000,175.000000,32.537716,0.112667
20.000000,180.000000,32.537716,0.113000
20.000000,185.000000,32.537716,0.113667
20.000000,190.000000,32.537716,0.114333
20.000000,195.000000,32.537716,0.115000
20.000000,200.000000,32.537716,0.115667
20.000000,205.000000,32.537716,0.116333
20.000000,210.000000,32.537716,0.117000
20.000000,215.000000,32.537716,0.117667
20.000000,220.000000,32.537716,0.118333
20.000000,225.000000,32.537716,0.119000
20.000000,230.000000,32.537716,0.119667
20.000000,235.000000,32.537716,0.120333
20.000000,240.000000,32.537716,0.121000
20.000000,245.000000,32.537716,0.121667
20.000000,250.000000,32.537716,0.122333
20.000000,255.000000,32.537716,0.123000
20.000000,260.000000,32.537716,0.123667
20.000000,265.000000,32.537716,0.124333
20.000000,270.000000,32.537716,0.125000
20.000000,275.000000,32.537716,0.124333
20.000000,280.000000,32.537716,0.123667
20.000000,285.000000,32.537716,0.123000
20.000000,290.000000,32.537716,0.122333
20.000000,295.000000,32.537716,0.121667
20.000000,300.000000,32.537716,0.121000
20.000000,305.000000,32.537716,0.120333
20.000000,310.000000,32.537716,0.119667
20.000000,315.000000,32.537716,0.119000
20.000000,320.000000,32.537716,0.118444
20.000000,325.000000,32.537716,0.117889
20.000000,330.000000,32.537716,0.117333
20.000000,335.000000,32.537716,0.116778
20.000000,340.000000,32.537716,0.116222
20.000000,345.000000,32.537716,0.115667
20.000000,350.000000,32.537716,0.115111
20.000000,355.000000,32.537716,0.114556
15.000000,0.000000,32.988800,0.107000
15.000000,5.000000,32.988800,0.104889
15.000000,10.000000,32.988800,0.102778
15.000000,15.000000,32.988800,0.100667
15.000000,20.000000,32.988800,0.098556
15.000000,25.000000,32.988800,0.096444
15.000000,30.000000,32.988800,0.094333
15.000000,35.000000,32.988800,0.092222
15.000000,40.000000,32.988800,0.090111
15.000000,45.000000,32.988800,0.088000
15.000000,50.000000,32.988800,0.090000
15.000000,55.000000,32.988800,0.092000
15.000000,60.000000,32.988800,0.094000
15.000000,65.000000,32.988800,0.096000
15.000000,70.000000,32.988800,0.098000
15.000000,75.000000,32.988800,0.100000
15.000000,80.000000,32.988800,0.102000
15.000000,85.000000,32.988800,0.104000
15.000000,90.000000,32.988800,0.106000
15.000000,95.000000,32.988800,0.105778
15.000000,100.000000,32.988800,0.105556
15.000000,105.000000,32.988800,0.105333
15.000000,110.000000,32.988800,0.105111
15.000000,115.000000,32.988800,0.104889
15.000000,120.000000,32.988800,0.104667
15.000000,125.000000,32.988800,0.104444
15.000000,130.000000,32.988800,0.104222
15.000000,135.000000,32.988800,0.104000
15.000000,140.000000,32.988800,0.100000
15.000000,145.000000,32.988800,0.096000
15.000000,150.000000,32.988800,0.092000
15.000000,155.000000,32.988800,0.088000
15.000000,160.000000,32.988800,0.084000
15.000000,165.000000,32.988800,0.080000
15.000000,170.000000,32.988800,0.076000
15.000000,175.000000,32.988800,0.072000
15.000000,180.000000,32.988800,0.068000
15.000000,185.000000,32.988800,0.071333
15.000000,190.000000,32.988800,0.074667
15.000000,195.000000,32.988800,0.078000
15.000000,200.000000,32.988800,0.081333
15.000000,205.000000,32.988800,0.084667
15.000000,210.000000,32.988800,0.088000
15.000000,215.000000,32.988800,0.091333
15.000000,220.000000,32.988800,0.094667
15.000000,225.000000,32.988800,0.098000
15.000000,230.000000,32.988800,0.097889
15.000000,235.000000,32.988800,0.097778
15.000000,240.000000,32.988800,0.097667
15.000000,245.000000,32.988800,0.097556
15.000000,250.000000,32.988800,0.097444
15.000000,255.000000,32.988800,0.097333
15.000000,260.000000,32.988800,0.097222
15.000000,265.000000,32.988800,0.097111
15.000000,270.000000,32.988800,0.097000
15.000000,275.000000,32.988800,0.095667
15.000000,280.000000,32.988800,0.094333
15.000000,285.000000,32.988800,0.093000
15.000000,290.000000,32.988800,0.091667
15.000000,295.000000,32.988800,0.090333
15.000000,300.000000,32.988800,0.089000
15.000000,305.000000,32.988800,0.087667
15.000000,310.000000,32.988800,0.086333
15.000000,315.000000,32.988800,0.085000
15.000000,320.000000,32.988800,0.087444
15.000000,325.000000,32.988800,0.089889
15.000000,330.000000,32.988800,0.092333
15.000000,335.000000,32.988800,0.094778
15.000000,340.000000,32.988800,0.097222
15.000000,345.000000,32.988800,0.099667
15.000000,350.000000,32.988800,0.102111
15.000000,355.000000,32.988800,0.104556
